Date,Produk,Kategori_MAE,Actual_Sales,Predicted_Sales,Error,Absolute_Error
2025-11-25,AERIS10,menengah,0.0,0.01,-0.01,0.01
2025-11-26,AERIS10,menengah,0.0,0.01,-0.01,0.01
2025-11-27,AERIS10,menengah,0.0,0.01,-0.01,0.01
2025-11-28,AERIS10,menengah,0.0,0.01,-0.01,0.01
2025-11-29,AERIS10,menengah,0.0,0.01,-0.01,0.01
2025-11-30,AERIS10,menengah,0.0,0.01,-0.01,0.01
2025-12-01,AERIS10,menengah,0.0,0.01,-0.01,0.01
2025-12-02,AERIS10,menengah,0.0,0.01,-0.01,0.01
2025-12-03,AERIS10,menengah,0.0,0.01,-0.01,0.01
2025-12-04,AERIS10,menengah,0.0,0.01,-0.01,0.01
2025-12-05,AERIS10,menengah,0.0,0.01,-0.01,0.01
2025-12-06,AERIS10,menengah,0.0,0.01,-0.01,0.01
2025-12-07,AERIS10,menengah,0.0,0.01,-0.01,0.01
2025-12-08,AERIS10,menengah,0.0,0.01,-0.01,0.01
2025-12-09,AERIS10,menengah,0.0,0.01,-0.01,0.01
2025-12-10,AERIS10,menengah,0.0,0.01,-0.01,0.01
2025-12-11,AERIS10,menengah,0.0,0.01,-0.01,0.01
2025-12-12,AERIS10,menengah,0.0,0.01,-0.01,0.01
2025-12-13,AERIS10,menengah,0.0,0.01,-0.01,0.01
2025-12-14,AERIS10,menengah,0.0,0.01,-0.01,0.01
2025-12-15,AERIS10,menengah,0.0,0.01,-0.01,0.01
2025-12-16,AERIS10,menengah,0.0,0.01,-0.01,0.01
2025-12-17,AERIS10,menengah,0.0,0.01,-0.01,0.01
2025-12-18,AERIS10,menengah,0.0,0.01,-0.01,0.01
2025-12-19,AERIS10,menengah,0.0,0.01,-0.01,0.01
2025-12-20,AERIS10,menengah,0.0,0.01,-0.01,0.01
2025-12-21,AERIS10,menengah,0.0,0.01,-0.01,0.01
2025-12-22,AERIS10,menengah,0.0,0.01,-0.01,0.01
2025-12-23,AERIS10,menengah,0.0,0.01,-0.01,0.01
2025-12-24,AERIS10,menengah,0.0,0.01,-0.01,0.01
2025-12-25,AERIS10,menengah,0.0,0.01,-0.01,0.01
2025-12-26,AERIS10,menengah,0.0,0.01,-0.01,0.01
2025-12-27,AERIS10,menengah,0.0,0.01,-0.01,0.01
2025-12-28,AERIS10,menengah,0.0,0.01,-0.01,0.01
2025-12-29,AERIS10,menengah,0.0,0.01,-0.01,0.01
2025-12-30,AERIS10,menengah,0.0,0.01,-0.01,0.01
2025-12-31,AERIS10,menengah,0.0,0.01,-0.01,0.01
2025-11-25,BB 10,tinggi,0.0,0.12,-0.12,0.12
2025-11-26,BB 10,tinggi,0.0,0.11,-0.11,0.11
2025-11-27,BB 10,tinggi,0.0,0.11,-0.11,0.11
2025-11-28,BB 10,tinggi,0.0,0.1,-0.1,0.1
2025-11-29,BB 10,tinggi,0.0,0.11,-0.11,0.11
2025-11-30,BB 10,tinggi,0.0,0.1,-0.1,0.1
2025-12-01,BB 10,tinggi,0.0,0.11,-0.11,0.11
2025-12-02,BB 10,tinggi,0.0,0.1,-0.1,0.1
2025-12-03,BB 10,tinggi,0.0,0.11,-0.11,0.11
2025-12-04,BB 10,tinggi,0.0,0.1,-0.1,0.1
2025-12-05,BB 10,tinggi,0.0,0.11,-0.11,0.11
2025-12-06,BB 10,tinggi,0.0,0.1,-0.1,0.1
2025-12-07,BB 10,tinggi,0.0,0.11,-0.11,0.11
2025-12-08,BB 10,tinggi,0.0,0.1,-0.1,0.1
2025-12-09,BB 10,tinggi,0.0,0.11,-0.11,0.11
2025-12-10,BB 10,tinggi,0.0,0.1,-0.1,0.1
2025-12-11,BB 10,tinggi,1.0,0.11,0.89,0.89
2025-12-12,BB 10,tinggi,0.0,0.1,-0.1,0.1
2025-12-13,BB 10,tinggi,0.0,0.11,-0.11,0.11
2025-12-14,BB 10,tinggi,0.0,0.11,-0.11,0.11
2025-12-15,BB 10,tinggi,0.0,0.11,-0.11,0.11
2025-12-16,BB 10,tinggi,0.0,0.11,-0.11,0.11
2025-12-17,BB 10,tinggi,0.0,0.11,-0.11,0.11
2025-12-18,BB 10,tinggi,0.0,0.11,-0.11,0.11
2025-12-19,BB 10,tinggi,0.0,0.11,-0.11,0.11
2025-12-20,BB 10,tinggi,0.0,0.11,-0.11,0.11
2025-12-21,BB 10,tinggi,0.0,0.11,-0.11,0.11
2025-12-22,BB 10,tinggi,0.0,0.11,-0.11,0.11
2025-12-23,BB 10,tinggi,0.0,0.11,-0.11,0.11
2025-12-24,BB 10,tinggi,0.0,0.11,-0.11,0.11
2025-12-25,BB 10,tinggi,0.0,0.11,-0.11,0.11
2025-12-26,BB 10,tinggi,0.0,0.11,-0.11,0.11
2025-12-27,BB 10,tinggi,0.0,0.11,-0.11,0.11
2025-12-28,BB 10,tinggi,0.0,0.11,-0.11,0.11
2025-12-29,BB 10,tinggi,0.0,0.11,-0.11,0.11
2025-12-30,BB 10,tinggi,0.0,0.11,-0.11,0.11
2025-12-31,BB 10,tinggi,0.0,0.11,-0.11,0.11
2025-11-25,BB 30,tinggi,0.0,0.04,-0.04,0.04
2025-11-26,BB 30,tinggi,0.0,0.04,-0.04,0.04
2025-11-27,BB 30,tinggi,0.0,0.04,-0.04,0.04
2025-11-28,BB 30,tinggi,0.0,0.04,-0.04,0.04
2025-11-29,BB 30,tinggi,0.0,0.04,-0.04,0.04
2025-11-30,BB 30,tinggi,0.0,0.04,-0.04,0.04
2025-12-01,BB 30,tinggi,0.0,0.04,-0.04,0.04
2025-12-02,BB 30,tinggi,0.0,0.04,-0.04,0.04
2025-12-03,BB 30,tinggi,0.0,0.04,-0.04,0.04
2025-12-04,BB 30,tinggi,0.0,0.04,-0.04,0.04
2025-12-05,BB 30,tinggi,0.0,0.04,-0.04,0.04
2025-12-06,BB 30,tinggi,0.0,0.04,-0.04,0.04
2025-12-07,BB 30,tinggi,0.0,0.04,-0.04,0.04
2025-12-08,BB 30,tinggi,0.0,0.04,-0.04,0.04
2025-12-09,BB 30,tinggi,0.0,0.04,-0.04,0.04
2025-12-10,BB 30,tinggi,0.0,0.04,-0.04,0.04
2025-12-11,BB 30,tinggi,0.0,0.04,-0.04,0.04
2025-12-12,BB 30,tinggi,0.0,0.04,-0.04,0.04
2025-12-13,BB 30,tinggi,0.0,0.04,-0.04,0.04
2025-12-14,BB 30,tinggi,0.0,0.04,-0.04,0.04
2025-12-15,BB 30,tinggi,0.0,0.04,-0.04,0.04
2025-12-16,BB 30,tinggi,0.0,0.04,-0.04,0.04
2025-12-17,BB 30,tinggi,0.0,0.04,-0.04,0.04
2025-12-18,BB 30,tinggi,0.0,0.04,-0.04,0.04
2025-12-19,BB 30,tinggi,0.0,0.04,-0.04,0.04
2025-12-20,BB 30,tinggi,0.0,0.04,-0.04,0.04
2025-12-21,BB 30,tinggi,0.0,0.04,-0.04,0.04
2025-12-22,BB 30,tinggi,0.0,0.04,-0.04,0.04
2025-12-23,BB 30,tinggi,0.0,0.04,-0.04,0.04
2025-12-24,BB 30,tinggi,0.0,0.04,-0.04,0.04
2025-12-25,BB 30,tinggi,0.0,0.04,-0.04,0.04
2025-12-26,BB 30,tinggi,0.0,0.04,-0.04,0.04
2025-12-27,BB 30,tinggi,0.0,0.04,-0.04,0.04
2025-12-28,BB 30,tinggi,0.0,0.04,-0.04,0.04
2025-12-29,BB 30,tinggi,0.0,0.04,-0.04,0.04
2025-12-30,BB 30,tinggi,0.0,0.04,-0.04,0.04
2025-12-31,BB 30,tinggi,0.0,0.04,-0.04,0.04
2025-11-25,BR45,rendah,0.0,0.0,-0.0,0.0
2025-11-26,BR45,rendah,0.0,0.0,-0.0,0.0
2025-11-27,BR45,rendah,0.0,0.0,-0.0,0.0
2025-11-28,BR45,rendah,0.0,0.0,-0.0,0.0
2025-11-29,BR45,rendah,0.0,0.0,-0.0,0.0
2025-11-30,BR45,rendah,0.0,0.0,-0.0,0.0
2025-12-01,BR45,rendah,0.0,0.0,-0.0,0.0
2025-12-02,BR45,rendah,0.0,0.0,-0.0,0.0
2025-12-03,BR45,rendah,0.0,0.0,-0.0,0.0
2025-12-04,BR45,rendah,0.0,0.0,-0.0,0.0
2025-12-05,BR45,rendah,0.0,0.0,-0.0,0.0
2025-12-06,BR45,rendah,0.0,0.0,-0.0,0.0
2025-12-07,BR45,rendah,0.0,0.0,-0.0,0.0
2025-12-08,BR45,rendah,0.0,0.0,-0.0,0.0
2025-12-09,BR45,rendah,0.0,0.0,-0.0,0.0
2025-12-10,BR45,rendah,0.0,0.0,-0.0,0.0
2025-12-11,BR45,rendah,0.0,0.0,-0.0,0.0
2025-12-12,BR45,rendah,0.0,0.0,-0.0,0.0
2025-12-13,BR45,rendah,0.0,0.0,-0.0,0.0
2025-12-14,BR45,rendah,0.0,0.0,-0.0,0.0
2025-12-15,BR45,rendah,0.0,0.0,-0.0,0.0
2025-12-16,BR45,rendah,0.0,0.0,-0.0,0.0
2025-12-17,BR45,rendah,0.0,0.0,-0.0,0.0
2025-12-18,BR45,rendah,0.0,0.0,-0.0,0.0
2025-12-19,BR45,rendah,0.0,0.0,-0.0,0.0
2025-12-20,BR45,rendah,0.0,0.0,-0.0,0.0
2025-12-21,BR45,rendah,0.0,0.0,-0.0,0.0
2025-12-22,BR45,rendah,0.0,0.0,-0.0,0.0
2025-12-23,BR45,rendah,0.0,0.0,-0.0,0.0
2025-12-24,BR45,rendah,0.0,0.0,-0.0,0.0
2025-12-25,BR45,rendah,0.0,0.0,-0.0,0.0
2025-12-26,BR45,rendah,0.0,0.0,-0.0,0.0
2025-12-27,BR45,rendah,0.0,0.0,-0.0,0.0
2025-12-28,BR45,rendah,0.0,0.0,-0.0,0.0
2025-12-29,BR45,rendah,0.0,0.0,-0.0,0.0
2025-12-30,BR45,rendah,0.0,0.0,-0.0,0.0
2025-12-31,BR45,rendah,0.0,0.0,-0.0,0.0
2025-11-25,BR75,rendah,0.0,0.0,-0.0,0.0
2025-11-26,BR75,rendah,0.0,0.0,-0.0,0.0
2025-11-27,BR75,rendah,0.0,0.0,-0.0,0.0
2025-11-28,BR75,rendah,0.0,0.0,-0.0,0.0
2025-11-29,BR75,rendah,0.0,0.0,-0.0,0.0
2025-11-30,BR75,rendah,0.0,0.0,-0.0,0.0
2025-12-01,BR75,rendah,0.0,0.0,-0.0,0.0
2025-12-02,BR75,rendah,0.0,0.0,-0.0,0.0
2025-12-03,BR75,rendah,0.0,0.0,-0.0,0.0
2025-12-04,BR75,rendah,0.0,0.0,-0.0,0.0
2025-12-05,BR75,rendah,0.0,0.0,-0.0,0.0
2025-12-06,BR75,rendah,0.0,0.0,-0.0,0.0
2025-12-07,BR75,rendah,0.0,0.0,-0.0,0.0
2025-12-08,BR75,rendah,0.0,0.0,-0.0,0.0
2025-12-09,BR75,rendah,0.0,0.0,-0.0,0.0
2025-12-10,BR75,rendah,0.0,0.0,-0.0,0.0
2025-12-11,BR75,rendah,0.0,0.0,-0.0,0.0
2025-12-12,BR75,rendah,0.0,0.0,-0.0,0.0
2025-12-13,BR75,rendah,0.0,0.0,-0.0,0.0
2025-12-14,BR75,rendah,0.0,0.0,-0.0,0.0
2025-12-15,BR75,rendah,0.0,0.0,-0.0,0.0
2025-12-16,BR75,rendah,0.0,0.0,-0.0,0.0
2025-12-17,BR75,rendah,0.0,0.0,-0.0,0.0
2025-12-18,BR75,rendah,0.0,0.0,-0.0,0.0
2025-12-19,BR75,rendah,0.0,0.0,-0.0,0.0
2025-12-20,BR75,rendah,0.0,0.0,-0.0,0.0
2025-12-21,BR75,rendah,0.0,0.0,-0.0,0.0
2025-12-22,BR75,rendah,0.0,0.0,-0.0,0.0
2025-12-23,BR75,rendah,0.0,0.0,-0.0,0.0
2025-12-24,BR75,rendah,0.0,0.0,-0.0,0.0
2025-12-25,BR75,rendah,0.0,0.0,-0.0,0.0
2025-12-26,BR75,rendah,0.0,0.0,-0.0,0.0
2025-12-27,BR75,rendah,0.0,0.0,-0.0,0.0
2025-12-28,BR75,rendah,0.0,0.0,-0.0,0.0
2025-12-29,BR75,rendah,0.0,0.0,-0.0,0.0
2025-12-30,BR75,rendah,0.0,0.0,-0.0,0.0
2025-12-31,BR75,rendah,0.0,0.0,-0.0,0.0
2025-11-25,CC,tinggi,0.0,0.07,-0.07,0.07
2025-11-26,CC,tinggi,0.0,0.07,-0.07,0.07
2025-11-27,CC,tinggi,0.0,0.07,-0.07,0.07
2025-11-28,CC,tinggi,0.0,0.07,-0.07,0.07
2025-11-29,CC,tinggi,0.0,0.07,-0.07,0.07
2025-11-30,CC,tinggi,0.0,0.07,-0.07,0.07
2025-12-01,CC,tinggi,0.0,0.07,-0.07,0.07
2025-12-02,CC,tinggi,0.0,0.07,-0.07,0.07
2025-12-03,CC,tinggi,0.0,0.07,-0.07,0.07
2025-12-04,CC,tinggi,0.0,0.07,-0.07,0.07
2025-12-05,CC,tinggi,0.0,0.07,-0.07,0.07
2025-12-06,CC,tinggi,0.0,0.07,-0.07,0.07
2025-12-07,CC,tinggi,0.0,0.07,-0.07,0.07
2025-12-08,CC,tinggi,0.0,0.07,-0.07,0.07
2025-12-09,CC,tinggi,0.0,0.07,-0.07,0.07
2025-12-10,CC,tinggi,0.0,0.07,-0.07,0.07
2025-12-11,CC,tinggi,0.0,0.07,-0.07,0.07
2025-12-12,CC,tinggi,0.0,0.07,-0.07,0.07
2025-12-13,CC,tinggi,0.0,0.07,-0.07,0.07
2025-12-14,CC,tinggi,0.0,0.07,-0.07,0.07
2025-12-15,CC,tinggi,0.0,0.07,-0.07,0.07
2025-12-16,CC,tinggi,0.0,0.07,-0.07,0.07
2025-12-17,CC,tinggi,0.0,0.07,-0.07,0.07
2025-12-18,CC,tinggi,0.0,0.07,-0.07,0.07
2025-12-19,CC,tinggi,1.0,0.07,0.93,0.93
2025-12-20,CC,tinggi,0.0,0.07,-0.07,0.07
2025-12-21,CC,tinggi,0.0,0.07,-0.07,0.07
2025-12-22,CC,tinggi,0.0,0.07,-0.07,0.07
2025-12-23,CC,tinggi,0.0,0.07,-0.07,0.07
2025-12-24,CC,tinggi,0.0,0.07,-0.07,0.07
2025-12-25,CC,tinggi,0.0,0.07,-0.07,0.07
2025-12-26,CC,tinggi,0.0,0.07,-0.07,0.07
2025-12-27,CC,tinggi,0.0,0.07,-0.07,0.07
2025-12-28,CC,tinggi,0.0,0.07,-0.07,0.07
2025-12-29,CC,tinggi,0.0,0.07,-0.07,0.07
2025-12-30,CC,tinggi,0.0,0.07,-0.07,0.07
2025-12-31,CC,tinggi,0.0,0.07,-0.07,0.07
2025-11-25,CNF,tinggi,0.0,0.2,-0.2,0.2
2025-11-26,CNF,tinggi,0.0,0.95,-0.95,0.95
2025-11-27,CNF,tinggi,0.0,0.26,-0.26,0.26
2025-11-28,CNF,tinggi,0.0,0.92,-0.92,0.92
2025-11-29,CNF,tinggi,0.0,0.29,-0.29,0.29
2025-11-30,CNF,tinggi,0.0,0.88,-0.88,0.88
2025-12-01,CNF,tinggi,0.0,0.33,-0.33,0.33
2025-12-02,CNF,tinggi,0.0,0.85,-0.85,0.85
2025-12-03,CNF,tinggi,0.0,0.36,-0.36,0.36
2025-12-04,CNF,tinggi,0.0,0.82,-0.82,0.82
2025-12-05,CNF,tinggi,0.0,0.38,-0.38,0.38
2025-12-06,CNF,tinggi,0.0,0.8,-0.8,0.8
2025-12-07,CNF,tinggi,0.0,0.41,-0.41,0.41
2025-12-08,CNF,tinggi,0.0,0.78,-0.78,0.78
2025-12-09,CNF,tinggi,0.0,0.43,-0.43,0.43
2025-12-10,CNF,tinggi,0.0,0.76,-0.76,0.76
2025-12-11,CNF,tinggi,0.0,0.45,-0.45,0.45
2025-12-12,CNF,tinggi,4.0,0.74,3.26,3.26
2025-12-13,CNF,tinggi,2.0,0.46,1.54,1.54
2025-12-14,CNF,tinggi,0.0,0.72,-0.72,0.72
2025-12-15,CNF,tinggi,0.0,0.48,-0.48,0.48
2025-12-16,CNF,tinggi,4.0,0.71,3.29,3.29
2025-12-17,CNF,tinggi,0.0,0.49,-0.49,0.49
2025-12-18,CNF,tinggi,0.0,0.7,-0.7,0.7
2025-12-19,CNF,tinggi,0.0,0.5,-0.5,0.5
2025-12-20,CNF,tinggi,0.0,0.69,-0.69,0.69
2025-12-21,CNF,tinggi,0.0,0.51,-0.51,0.51
2025-12-22,CNF,tinggi,0.0,0.68,-0.68,0.68
2025-12-23,CNF,tinggi,3.0,0.52,2.48,2.48
2025-12-24,CNF,tinggi,0.0,0.67,-0.67,0.67
2025-12-25,CNF,tinggi,0.0,0.53,-0.53,0.53
2025-12-26,CNF,tinggi,0.0,0.66,-0.66,0.66
2025-12-27,CNF,tinggi,0.0,0.54,-0.54,0.54
2025-12-28,CNF,tinggi,0.0,0.65,-0.65,0.65
2025-12-29,CNF,tinggi,0.0,0.54,-0.54,0.54
2025-12-30,CNF,tinggi,3.0,0.65,2.35,2.35
2025-12-31,CNF,tinggi,0.0,0.55,-0.55,0.55
2025-11-25,CNF 10,tinggi,11.0,2.53,8.47,8.47
2025-11-26,CNF 10,tinggi,9.0,1.94,7.06,7.06
2025-11-27,CNF 10,tinggi,0.0,2.37,-2.37,2.37
2025-11-28,CNF 10,tinggi,0.0,1.95,-1.95,1.95
2025-11-29,CNF 10,tinggi,30.0,2.33,27.67,27.67
2025-11-30,CNF 10,tinggi,0.0,1.98,-1.98,1.98
2025-12-01,CNF 10,tinggi,0.0,2.3,-2.3,2.3
2025-12-02,CNF 10,tinggi,0.0,2.01,-2.01,2.01
2025-12-03,CNF 10,tinggi,0.0,2.27,-2.27,2.27
2025-12-04,CNF 10,tinggi,0.0,2.04,-2.04,2.04
2025-12-05,CNF 10,tinggi,0.0,2.25,-2.25,2.25
2025-12-06,CNF 10,tinggi,0.0,2.06,-2.06,2.06
2025-12-07,CNF 10,tinggi,13.0,2.23,10.77,10.77
2025-12-08,CNF 10,tinggi,2.0,2.07,-0.07,0.07
2025-12-09,CNF 10,tinggi,3.0,2.22,0.78,0.78
2025-12-10,CNF 10,tinggi,0.0,2.09,-2.09,2.09
2025-12-11,CNF 10,tinggi,0.0,2.21,-2.21,2.21
2025-12-12,CNF 10,tinggi,0.0,2.1,-2.1,2.1
2025-12-13,CNF 10,tinggi,0.0,2.2,-2.2,2.2
2025-12-14,CNF 10,tinggi,0.0,2.11,-2.11,2.11
2025-12-15,CNF 10,tinggi,0.0,2.19,-2.19,2.19
2025-12-16,CNF 10,tinggi,0.0,2.11,-2.11,2.11
2025-12-17,CNF 10,tinggi,3.0,2.18,0.82,0.82
2025-12-18,CNF 10,tinggi,0.0,2.12,-2.12,2.12
2025-12-19,CNF 10,tinggi,0.0,2.18,-2.18,2.18
2025-12-20,CNF 10,tinggi,0.0,2.12,-2.12,2.12
2025-12-21,CNF 10,tinggi,0.0,2.17,-2.17,2.17
2025-12-22,CNF 10,tinggi,7.0,2.13,4.87,4.87
2025-12-23,CNF 10,tinggi,0.0,2.17,-2.17,2.17
2025-12-24,CNF 10,tinggi,12.0,2.13,9.87,9.87
2025-12-25,CNF 10,tinggi,0.0,2.16,-2.16,2.16
2025-12-26,CNF 10,tinggi,7.0,2.14,4.86,4.86
2025-12-27,CNF 10,tinggi,0.0,2.16,-2.16,2.16
2025-12-28,CNF 10,tinggi,0.0,2.14,-2.14,2.14
2025-12-29,CNF 10,tinggi,0.0,2.16,-2.16,2.16
2025-12-30,CNF 10,tinggi,0.0,2.14,-2.14,2.14
2025-12-31,CNF 10,tinggi,2.0,2.16,-0.16,0.16
2025-11-25,CNF 100,rendah,0.0,0.0,-0.0,0.0
2025-11-26,CNF 100,rendah,0.0,0.0,-0.0,0.0
2025-11-27,CNF 100,rendah,0.0,0.0,-0.0,0.0
2025-11-28,CNF 100,rendah,0.0,0.0,-0.0,0.0
2025-11-29,CNF 100,rendah,0.0,0.0,-0.0,0.0
2025-11-30,CNF 100,rendah,0.0,0.0,-0.0,0.0
2025-12-01,CNF 100,rendah,0.0,0.0,-0.0,0.0
2025-12-02,CNF 100,rendah,0.0,0.0,-0.0,0.0
2025-12-03,CNF 100,rendah,0.0,0.0,-0.0,0.0
2025-12-04,CNF 100,rendah,0.0,0.0,-0.0,0.0
2025-12-05,CNF 100,rendah,0.0,0.0,-0.0,0.0
2025-12-06,CNF 100,rendah,0.0,0.0,-0.0,0.0
2025-12-07,CNF 100,rendah,0.0,0.0,-0.0,0.0
2025-12-08,CNF 100,rendah,0.0,0.0,-0.0,0.0
2025-12-09,CNF 100,rendah,0.0,0.0,-0.0,0.0
2025-12-10,CNF 100,rendah,0.0,0.0,-0.0,0.0
2025-12-11,CNF 100,rendah,0.0,0.0,-0.0,0.0
2025-12-12,CNF 100,rendah,0.0,0.0,-0.0,0.0
2025-12-13,CNF 100,rendah,0.0,0.0,-0.0,0.0
2025-12-14,CNF 100,rendah,0.0,0.0,-0.0,0.0
2025-12-15,CNF 100,rendah,0.0,0.0,-0.0,0.0
2025-12-16,CNF 100,rendah,0.0,0.0,-0.0,0.0
2025-12-17,CNF 100,rendah,0.0,0.0,-0.0,0.0
2025-12-18,CNF 100,rendah,0.0,0.0,-0.0,0.0
2025-12-19,CNF 100,rendah,0.0,0.0,-0.0,0.0
2025-12-20,CNF 100,rendah,0.0,0.0,-0.0,0.0
2025-12-21,CNF 100,rendah,0.0,0.0,-0.0,0.0
2025-12-22,CNF 100,rendah,0.0,0.0,-0.0,0.0
2025-12-23,CNF 100,rendah,0.0,0.0,-0.0,0.0
2025-12-24,CNF 100,rendah,0.0,0.0,-0.0,0.0
2025-12-25,CNF 100,rendah,0.0,0.0,-0.0,0.0
2025-12-26,CNF 100,rendah,0.0,0.0,-0.0,0.0
2025-12-27,CNF 100,rendah,0.0,0.0,-0.0,0.0
2025-12-28,CNF 100,rendah,0.0,0.0,-0.0,0.0
2025-12-29,CNF 100,rendah,0.0,0.0,-0.0,0.0
2025-12-30,CNF 100,rendah,0.0,0.0,-0.0,0.0
2025-12-31,CNF 100,rendah,0.0,0.0,-0.0,0.0
2025-11-25,CNF 250,rendah,0.0,0.0,-0.0,0.0
2025-11-26,CNF 250,rendah,0.0,0.0,-0.0,0.0
2025-11-27,CNF 250,rendah,0.0,0.0,-0.0,0.0
2025-11-28,CNF 250,rendah,0.0,0.0,-0.0,0.0
2025-11-29,CNF 250,rendah,0.0,0.0,-0.0,0.0
2025-11-30,CNF 250,rendah,0.0,0.0,-0.0,0.0
2025-12-01,CNF 250,rendah,0.0,0.0,-0.0,0.0
2025-12-02,CNF 250,rendah,0.0,0.0,-0.0,0.0
2025-12-03,CNF 250,rendah,0.0,0.0,-0.0,0.0
2025-12-04,CNF 250,rendah,0.0,0.0,-0.0,0.0
2025-12-05,CNF 250,rendah,0.0,0.0,-0.0,0.0
2025-12-06,CNF 250,rendah,0.0,0.0,-0.0,0.0
2025-12-07,CNF 250,rendah,0.0,0.0,-0.0,0.0
2025-12-08,CNF 250,rendah,0.0,0.0,-0.0,0.0
2025-12-09,CNF 250,rendah,0.0,0.0,-0.0,0.0
2025-12-10,CNF 250,rendah,0.0,0.0,-0.0,0.0
2025-12-11,CNF 250,rendah,0.0,0.0,-0.0,0.0
2025-12-12,CNF 250,rendah,0.0,0.0,-0.0,0.0
2025-12-13,CNF 250,rendah,0.0,0.0,-0.0,0.0
2025-12-14,CNF 250,rendah,0.0,0.0,-0.0,0.0
2025-12-15,CNF 250,rendah,0.0,0.0,-0.0,0.0
2025-12-16,CNF 250,rendah,0.0,0.0,-0.0,0.0
2025-12-17,CNF 250,rendah,0.0,0.0,-0.0,0.0
2025-12-18,CNF 250,rendah,0.0,0.0,-0.0,0.0
2025-12-19,CNF 250,rendah,0.0,0.0,-0.0,0.0
2025-12-20,CNF 250,rendah,0.0,0.0,-0.0,0.0
2025-12-21,CNF 250,rendah,0.0,0.0,-0.0,0.0
2025-12-22,CNF 250,rendah,0.0,0.0,-0.0,0.0
2025-12-23,CNF 250,rendah,0.0,0.0,-0.0,0.0
2025-12-24,CNF 250,rendah,0.0,0.0,-0.0,0.0
2025-12-25,CNF 250,rendah,0.0,0.0,-0.0,0.0
2025-12-26,CNF 250,rendah,0.0,0.0,-0.0,0.0
2025-12-27,CNF 250,rendah,0.0,0.0,-0.0,0.0
2025-12-28,CNF 250,rendah,0.0,0.0,-0.0,0.0
2025-12-29,CNF 250,rendah,0.0,0.0,-0.0,0.0
2025-12-30,CNF 250,rendah,0.0,0.0,-0.0,0.0
2025-12-31,CNF 250,rendah,0.0,0.0,-0.0,0.0
2025-11-25,DS,tinggi,0.0,0.01,-0.01,0.01
2025-11-26,DS,tinggi,0.0,0.04,-0.04,0.04
2025-11-27,DS,tinggi,0.0,0.02,-0.02,0.02
2025-11-28,DS,tinggi,0.0,0.04,-0.04,0.04
2025-11-29,DS,tinggi,0.0,0.03,-0.03,0.03
2025-11-30,DS,tinggi,0.0,0.05,-0.05,0.05
2025-12-01,DS,tinggi,0.0,0.04,-0.04,0.04
2025-12-02,DS,tinggi,0.0,0.05,-0.05,0.05
2025-12-03,DS,tinggi,0.0,0.04,-0.04,0.04
2025-12-04,DS,tinggi,0.0,0.05,-0.05,0.05
2025-12-05,DS,tinggi,0.0,0.04,-0.04,0.04
2025-12-06,DS,tinggi,0.0,0.05,-0.05,0.05
2025-12-07,DS,tinggi,0.0,0.04,-0.04,0.04
2025-12-08,DS,tinggi,0.0,0.05,-0.05,0.05
2025-12-09,DS,tinggi,0.0,0.05,-0.05,0.05
2025-12-10,DS,tinggi,0.0,0.05,-0.05,0.05
2025-12-11,DS,tinggi,0.0,0.05,-0.05,0.05
2025-12-12,DS,tinggi,0.0,0.05,-0.05,0.05
2025-12-13,DS,tinggi,0.0,0.05,-0.05,0.05
2025-12-14,DS,tinggi,0.0,0.05,-0.05,0.05
2025-12-15,DS,tinggi,0.0,0.05,-0.05,0.05
2025-12-16,DS,tinggi,0.0,0.05,-0.05,0.05
2025-12-17,DS,tinggi,0.0,0.05,-0.05,0.05
2025-12-18,DS,tinggi,0.0,0.05,-0.05,0.05
2025-12-19,DS,tinggi,0.0,0.05,-0.05,0.05
2025-12-20,DS,tinggi,0.0,0.05,-0.05,0.05
2025-12-21,DS,tinggi,0.0,0.05,-0.05,0.05
2025-12-22,DS,tinggi,0.0,0.05,-0.05,0.05
2025-12-23,DS,tinggi,0.0,0.05,-0.05,0.05
2025-12-24,DS,tinggi,0.0,0.05,-0.05,0.05
2025-12-25,DS,tinggi,0.0,0.05,-0.05,0.05
2025-12-26,DS,tinggi,0.0,0.05,-0.05,0.05
2025-12-27,DS,tinggi,0.0,0.05,-0.05,0.05
2025-12-28,DS,tinggi,0.0,0.05,-0.05,0.05
2025-12-29,DS,tinggi,2.0,0.05,1.95,1.95
2025-12-30,DS,tinggi,0.0,0.05,-0.05,0.05
2025-12-31,DS,tinggi,0.0,0.05,-0.05,0.05
2025-11-25,DS 10,tinggi,0.0,0.0,0.0,0.0
2025-11-26,DS 10,tinggi,0.0,0.03,-0.03,0.03
2025-11-27,DS 10,tinggi,0.0,0.09,-0.09,0.09
2025-11-28,DS 10,tinggi,0.0,0.0,0.0,0.0
2025-11-29,DS 10,tinggi,0.0,0.03,-0.03,0.03
2025-11-30,DS 10,tinggi,0.0,0.09,-0.09,0.09
2025-12-01,DS 10,tinggi,0.0,0.0,0.0,0.0
2025-12-02,DS 10,tinggi,0.0,0.02,-0.02,0.02
2025-12-03,DS 10,tinggi,0.0,0.09,-0.09,0.09
2025-12-04,DS 10,tinggi,0.0,0.0,-0.0,0.0
2025-12-05,DS 10,tinggi,0.0,0.02,-0.02,0.02
2025-12-06,DS 10,tinggi,0.0,0.08,-0.08,0.08
2025-12-07,DS 10,tinggi,0.0,0.01,-0.01,0.01
2025-12-08,DS 10,tinggi,0.0,0.02,-0.02,0.02
2025-12-09,DS 10,tinggi,0.0,0.08,-0.08,0.08
2025-12-10,DS 10,tinggi,0.0,0.02,-0.02,0.02
2025-12-11,DS 10,tinggi,0.0,0.02,-0.02,0.02
2025-12-12,DS 10,tinggi,0.0,0.07,-0.07,0.07
2025-12-13,DS 10,tinggi,0.0,0.02,-0.02,0.02
2025-12-14,DS 10,tinggi,0.0,0.01,-0.01,0.01
2025-12-15,DS 10,tinggi,0.0,0.07,-0.07,0.07
2025-12-16,DS 10,tinggi,0.0,0.03,-0.03,0.03
2025-12-17,DS 10,tinggi,0.0,0.01,-0.01,0.01
2025-12-18,DS 10,tinggi,0.0,0.07,-0.07,0.07
2025-12-19,DS 10,tinggi,0.0,0.03,-0.03,0.03
2025-12-20,DS 10,tinggi,0.0,0.01,-0.01,0.01
2025-12-21,DS 10,tinggi,0.0,0.06,-0.06,0.06
2025-12-22,DS 10,tinggi,0.0,0.03,-0.03,0.03
2025-12-23,DS 10,tinggi,0.0,0.02,-0.02,0.02
2025-12-24,DS 10,tinggi,0.0,0.06,-0.06,0.06
2025-12-25,DS 10,tinggi,0.0,0.04,-0.04,0.04
2025-12-26,DS 10,tinggi,0.0,0.02,-0.02,0.02
2025-12-27,DS 10,tinggi,1.0,0.06,0.94,0.94
2025-12-28,DS 10,tinggi,0.0,0.04,-0.04,0.04
2025-12-29,DS 10,tinggi,0.0,0.02,-0.02,0.02
2025-12-30,DS 10,tinggi,0.0,0.05,-0.05,0.05
2025-12-31,DS 10,tinggi,0.0,0.04,-0.04,0.04
2025-11-25,DS 100,rendah,0.0,0.0,0.0,0.0
2025-11-26,DS 100,rendah,0.0,0.0,0.0,0.0
2025-11-27,DS 100,rendah,0.0,0.0,0.0,0.0
2025-11-28,DS 100,rendah,0.0,0.0,0.0,0.0
2025-11-29,DS 100,rendah,0.0,0.0,0.0,0.0
2025-11-30,DS 100,rendah,0.0,0.0,0.0,0.0
2025-12-01,DS 100,rendah,0.0,0.0,0.0,0.0
2025-12-02,DS 100,rendah,0.0,0.0,0.0,0.0
2025-12-03,DS 100,rendah,0.0,0.0,0.0,0.0
2025-12-04,DS 100,rendah,0.0,0.0,0.0,0.0
2025-12-05,DS 100,rendah,0.0,0.0,0.0,0.0
2025-12-06,DS 100,rendah,0.0,0.0,0.0,0.0
2025-12-07,DS 100,rendah,0.0,0.0,0.0,0.0
2025-12-08,DS 100,rendah,0.0,0.0,0.0,0.0
2025-12-09,DS 100,rendah,0.0,0.0,0.0,0.0
2025-12-10,DS 100,rendah,0.0,0.0,0.0,0.0
2025-12-11,DS 100,rendah,0.0,0.0,0.0,0.0
2025-12-12,DS 100,rendah,0.0,0.0,0.0,0.0
2025-12-13,DS 100,rendah,0.0,0.0,0.0,0.0
2025-12-14,DS 100,rendah,0.0,0.0,0.0,0.0
2025-12-15,DS 100,rendah,0.0,0.0,0.0,0.0
2025-12-16,DS 100,rendah,0.0,0.0,0.0,0.0
2025-12-17,DS 100,rendah,0.0,0.0,0.0,0.0
2025-12-18,DS 100,rendah,0.0,0.0,0.0,0.0
2025-12-19,DS 100,rendah,0.0,0.0,0.0,0.0
2025-12-20,DS 100,rendah,0.0,0.0,0.0,0.0
2025-12-21,DS 100,rendah,0.0,0.0,0.0,0.0
2025-12-22,DS 100,rendah,0.0,0.0,0.0,0.0
2025-12-23,DS 100,rendah,0.0,0.0,0.0,0.0
2025-12-24,DS 100,rendah,0.0,0.0,0.0,0.0
2025-12-25,DS 100,rendah,0.0,0.0,0.0,0.0
2025-12-26,DS 100,rendah,0.0,0.0,0.0,0.0
2025-12-27,DS 100,rendah,0.0,0.0,0.0,0.0
2025-12-28,DS 100,rendah,0.0,0.0,0.0,0.0
2025-12-29,DS 100,rendah,0.0,0.0,0.0,0.0
2025-12-30,DS 100,rendah,0.0,0.0,0.0,0.0
2025-12-31,DS 100,rendah,0.0,0.0,0.0,0.0
2025-11-25,DS 250,rendah,0.0,0.0,-0.0,0.0
2025-11-26,DS 250,rendah,0.0,0.0,-0.0,0.0
2025-11-27,DS 250,rendah,0.0,0.0,-0.0,0.0
2025-11-28,DS 250,rendah,0.0,0.0,-0.0,0.0
2025-11-29,DS 250,rendah,0.0,0.0,-0.0,0.0
2025-11-30,DS 250,rendah,0.0,0.0,-0.0,0.0
2025-12-01,DS 250,rendah,0.0,0.0,-0.0,0.0
2025-12-02,DS 250,rendah,0.0,0.0,-0.0,0.0
2025-12-03,DS 250,rendah,0.0,0.0,-0.0,0.0
2025-12-04,DS 250,rendah,0.0,0.0,-0.0,0.0
2025-12-05,DS 250,rendah,0.0,0.0,-0.0,0.0
2025-12-06,DS 250,rendah,0.0,0.0,-0.0,0.0
2025-12-07,DS 250,rendah,0.0,0.0,-0.0,0.0
2025-12-08,DS 250,rendah,0.0,0.0,-0.0,0.0
2025-12-09,DS 250,rendah,0.0,0.0,-0.0,0.0
2025-12-10,DS 250,rendah,0.0,0.0,-0.0,0.0
2025-12-11,DS 250,rendah,0.0,0.0,-0.0,0.0
2025-12-12,DS 250,rendah,0.0,0.0,-0.0,0.0
2025-12-13,DS 250,rendah,0.0,0.0,-0.0,0.0
2025-12-14,DS 250,rendah,0.0,0.0,-0.0,0.0
2025-12-15,DS 250,rendah,0.0,0.0,-0.0,0.0
2025-12-16,DS 250,rendah,0.0,0.0,-0.0,0.0
2025-12-17,DS 250,rendah,0.0,0.0,-0.0,0.0
2025-12-18,DS 250,rendah,0.0,0.0,-0.0,0.0
2025-12-19,DS 250,rendah,0.0,0.0,-0.0,0.0
2025-12-20,DS 250,rendah,0.0,0.0,-0.0,0.0
2025-12-21,DS 250,rendah,0.0,0.0,-0.0,0.0
2025-12-22,DS 250,rendah,0.0,0.0,-0.0,0.0
2025-12-23,DS 250,rendah,0.0,0.0,-0.0,0.0
2025-12-24,DS 250,rendah,0.0,0.0,-0.0,0.0
2025-12-25,DS 250,rendah,0.0,0.0,-0.0,0.0
2025-12-26,DS 250,rendah,0.0,0.0,-0.0,0.0
2025-12-27,DS 250,rendah,0.0,0.0,-0.0,0.0
2025-12-28,DS 250,rendah,0.0,0.0,-0.0,0.0
2025-12-29,DS 250,rendah,0.0,0.0,-0.0,0.0
2025-12-30,DS 250,rendah,0.0,0.0,-0.0,0.0
2025-12-31,DS 250,rendah,0.0,0.0,-0.0,0.0
2025-11-25,EC45,rendah,0.0,0.0,-0.0,0.0
2025-11-26,EC45,rendah,0.0,0.0,-0.0,0.0
2025-11-27,EC45,rendah,0.0,0.0,-0.0,0.0
2025-11-28,EC45,rendah,0.0,0.0,-0.0,0.0
2025-11-29,EC45,rendah,0.0,0.0,-0.0,0.0
2025-11-30,EC45,rendah,0.0,0.0,-0.0,0.0
2025-12-01,EC45,rendah,0.0,0.0,-0.0,0.0
2025-12-02,EC45,rendah,0.0,0.0,-0.0,0.0
2025-12-03,EC45,rendah,0.0,0.0,-0.0,0.0
2025-12-04,EC45,rendah,0.0,0.0,-0.0,0.0
2025-12-05,EC45,rendah,0.0,0.0,-0.0,0.0
2025-12-06,EC45,rendah,0.0,0.0,-0.0,0.0
2025-12-07,EC45,rendah,0.0,0.0,-0.0,0.0
2025-12-08,EC45,rendah,0.0,0.0,-0.0,0.0
2025-12-09,EC45,rendah,0.0,0.0,-0.0,0.0
2025-12-10,EC45,rendah,0.0,0.0,-0.0,0.0
2025-12-11,EC45,rendah,0.0,0.0,-0.0,0.0
2025-12-12,EC45,rendah,0.0,0.0,-0.0,0.0
2025-12-13,EC45,rendah,0.0,0.0,-0.0,0.0
2025-12-14,EC45,rendah,0.0,0.0,-0.0,0.0
2025-12-15,EC45,rendah,0.0,0.0,-0.0,0.0
2025-12-16,EC45,rendah,0.0,0.0,-0.0,0.0
2025-12-17,EC45,rendah,0.0,0.0,-0.0,0.0
2025-12-18,EC45,rendah,0.0,0.0,-0.0,0.0
2025-12-19,EC45,rendah,0.0,0.0,-0.0,0.0
2025-12-20,EC45,rendah,0.0,0.0,-0.0,0.0
2025-12-21,EC45,rendah,0.0,0.0,-0.0,0.0
2025-12-22,EC45,rendah,0.0,0.0,-0.0,0.0
2025-12-23,EC45,rendah,0.0,0.0,-0.0,0.0
2025-12-24,EC45,rendah,0.0,0.0,-0.0,0.0
2025-12-25,EC45,rendah,0.0,0.0,-0.0,0.0
2025-12-26,EC45,rendah,0.0,0.0,-0.0,0.0
2025-12-27,EC45,rendah,0.0,0.0,-0.0,0.0
2025-12-28,EC45,rendah,0.0,0.0,-0.0,0.0
2025-12-29,EC45,rendah,0.0,0.0,-0.0,0.0
2025-12-30,EC45,rendah,0.0,0.0,-0.0,0.0
2025-12-31,EC45,rendah,0.0,0.0,-0.0,0.0
2025-11-25,EC75,rendah,0.0,0.0,-0.0,0.0
2025-11-26,EC75,rendah,0.0,0.0,-0.0,0.0
2025-11-27,EC75,rendah,0.0,0.0,-0.0,0.0
2025-11-28,EC75,rendah,0.0,0.0,-0.0,0.0
2025-11-29,EC75,rendah,0.0,0.0,-0.0,0.0
2025-11-30,EC75,rendah,0.0,0.0,-0.0,0.0
2025-12-01,EC75,rendah,0.0,0.0,-0.0,0.0
2025-12-02,EC75,rendah,0.0,0.0,-0.0,0.0
2025-12-03,EC75,rendah,0.0,0.0,-0.0,0.0
2025-12-04,EC75,rendah,0.0,0.0,-0.0,0.0
2025-12-05,EC75,rendah,0.0,0.0,-0.0,0.0
2025-12-06,EC75,rendah,0.0,0.0,-0.0,0.0
2025-12-07,EC75,rendah,0.0,0.0,-0.0,0.0
2025-12-08,EC75,rendah,0.0,0.0,-0.0,0.0
2025-12-09,EC75,rendah,0.0,0.0,-0.0,0.0
2025-12-10,EC75,rendah,0.0,0.0,-0.0,0.0
2025-12-11,EC75,rendah,0.0,0.0,-0.0,0.0
2025-12-12,EC75,rendah,0.0,0.0,-0.0,0.0
2025-12-13,EC75,rendah,0.0,0.0,-0.0,0.0
2025-12-14,EC75,rendah,0.0,0.0,-0.0,0.0
2025-12-15,EC75,rendah,0.0,0.0,-0.0,0.0
2025-12-16,EC75,rendah,0.0,0.0,-0.0,0.0
2025-12-17,EC75,rendah,0.0,0.0,-0.0,0.0
2025-12-18,EC75,rendah,0.0,0.0,-0.0,0.0
2025-12-19,EC75,rendah,0.0,0.0,-0.0,0.0
2025-12-20,EC75,rendah,0.0,0.0,-0.0,0.0
2025-12-21,EC75,rendah,0.0,0.0,-0.0,0.0
2025-12-22,EC75,rendah,0.0,0.0,-0.0,0.0
2025-12-23,EC75,rendah,0.0,0.0,-0.0,0.0
2025-12-24,EC75,rendah,0.0,0.0,-0.0,0.0
2025-12-25,EC75,rendah,0.0,0.0,-0.0,0.0
2025-12-26,EC75,rendah,0.0,0.0,-0.0,0.0
2025-12-27,EC75,rendah,0.0,0.0,-0.0,0.0
2025-12-28,EC75,rendah,0.0,0.0,-0.0,0.0
2025-12-29,EC75,rendah,0.0,0.0,-0.0,0.0
2025-12-30,EC75,rendah,0.0,0.0,-0.0,0.0
2025-12-31,EC75,rendah,0.0,0.0,-0.0,0.0
2025-11-25,GF,menengah,0.0,0.02,-0.02,0.02
2025-11-26,GF,menengah,0.0,0.02,-0.02,0.02
2025-11-27,GF,menengah,0.0,0.02,-0.02,0.02
2025-11-28,GF,menengah,0.0,0.02,-0.02,0.02
2025-11-29,GF,menengah,0.0,0.02,-0.02,0.02
2025-11-30,GF,menengah,0.0,0.02,-0.02,0.02
2025-12-01,GF,menengah,0.0,0.02,-0.02,0.02
2025-12-02,GF,menengah,0.0,0.02,-0.02,0.02
2025-12-03,GF,menengah,0.0,0.02,-0.02,0.02
2025-12-04,GF,menengah,0.0,0.02,-0.02,0.02
2025-12-05,GF,menengah,0.0,0.02,-0.02,0.02
2025-12-06,GF,menengah,0.0,0.02,-0.02,0.02
2025-12-07,GF,menengah,0.0,0.02,-0.02,0.02
2025-12-08,GF,menengah,0.0,0.02,-0.02,0.02
2025-12-09,GF,menengah,0.0,0.02,-0.02,0.02
2025-12-10,GF,menengah,0.0,0.02,-0.02,0.02
2025-12-11,GF,menengah,0.0,0.02,-0.02,0.02
2025-12-12,GF,menengah,0.0,0.02,-0.02,0.02
2025-12-13,GF,menengah,0.0,0.02,-0.02,0.02
2025-12-14,GF,menengah,0.0,0.02,-0.02,0.02
2025-12-15,GF,menengah,0.0,0.02,-0.02,0.02
2025-12-16,GF,menengah,0.0,0.02,-0.02,0.02
2025-12-17,GF,menengah,0.0,0.02,-0.02,0.02
2025-12-18,GF,menengah,0.0,0.02,-0.02,0.02
2025-12-19,GF,menengah,0.0,0.02,-0.02,0.02
2025-12-20,GF,menengah,0.0,0.02,-0.02,0.02
2025-12-21,GF,menengah,0.0,0.02,-0.02,0.02
2025-12-22,GF,menengah,0.0,0.02,-0.02,0.02
2025-12-23,GF,menengah,0.0,0.02,-0.02,0.02
2025-12-24,GF,menengah,0.0,0.02,-0.02,0.02
2025-12-25,GF,menengah,0.0,0.02,-0.02,0.02
2025-12-26,GF,menengah,0.0,0.02,-0.02,0.02
2025-12-27,GF,menengah,0.0,0.02,-0.02,0.02
2025-12-28,GF,menengah,0.0,0.02,-0.02,0.02
2025-12-29,GF,menengah,0.0,0.02,-0.02,0.02
2025-12-30,GF,menengah,0.0,0.02,-0.02,0.02
2025-12-31,GF,menengah,0.0,0.02,-0.02,0.02
2025-11-25,GF 10,tinggi,0.0,0.04,-0.04,0.04
2025-11-26,GF 10,tinggi,0.0,0.04,-0.04,0.04
2025-11-27,GF 10,tinggi,0.0,0.04,-0.04,0.04
2025-11-28,GF 10,tinggi,0.0,0.04,-0.04,0.04
2025-11-29,GF 10,tinggi,0.0,0.04,-0.04,0.04
2025-11-30,GF 10,tinggi,0.0,0.04,-0.04,0.04
2025-12-01,GF 10,tinggi,0.0,0.04,-0.04,0.04
2025-12-02,GF 10,tinggi,0.0,0.04,-0.04,0.04
2025-12-03,GF 10,tinggi,0.0,0.04,-0.04,0.04
2025-12-04,GF 10,tinggi,0.0,0.04,-0.04,0.04
2025-12-05,GF 10,tinggi,0.0,0.04,-0.04,0.04
2025-12-06,GF 10,tinggi,0.0,0.04,-0.04,0.04
2025-12-07,GF 10,tinggi,0.0,0.04,-0.04,0.04
2025-12-08,GF 10,tinggi,0.0,0.04,-0.04,0.04
2025-12-09,GF 10,tinggi,0.0,0.04,-0.04,0.04
2025-12-10,GF 10,tinggi,0.0,0.04,-0.04,0.04
2025-12-11,GF 10,tinggi,0.0,0.04,-0.04,0.04
2025-12-12,GF 10,tinggi,0.0,0.04,-0.04,0.04
2025-12-13,GF 10,tinggi,0.0,0.04,-0.04,0.04
2025-12-14,GF 10,tinggi,0.0,0.04,-0.04,0.04
2025-12-15,GF 10,tinggi,2.0,0.04,1.96,1.96
2025-12-16,GF 10,tinggi,0.0,0.04,-0.04,0.04
2025-12-17,GF 10,tinggi,0.0,0.04,-0.04,0.04
2025-12-18,GF 10,tinggi,0.0,0.04,-0.04,0.04
2025-12-19,GF 10,tinggi,0.0,0.04,-0.04,0.04
2025-12-20,GF 10,tinggi,0.0,0.04,-0.04,0.04
2025-12-21,GF 10,tinggi,0.0,0.04,-0.04,0.04
2025-12-22,GF 10,tinggi,0.0,0.04,-0.04,0.04
2025-12-23,GF 10,tinggi,0.0,0.04,-0.04,0.04
2025-12-24,GF 10,tinggi,0.0,0.04,-0.04,0.04
2025-12-25,GF 10,tinggi,0.0,0.04,-0.04,0.04
2025-12-26,GF 10,tinggi,0.0,0.04,-0.04,0.04
2025-12-27,GF 10,tinggi,0.0,0.04,-0.04,0.04
2025-12-28,GF 10,tinggi,0.0,0.04,-0.04,0.04
2025-12-29,GF 10,tinggi,0.0,0.04,-0.04,0.04
2025-12-30,GF 10,tinggi,0.0,0.04,-0.04,0.04
2025-12-31,GF 10,tinggi,0.0,0.04,-0.04,0.04
2025-11-25,GF 250,rendah,0.0,0.0,-0.0,0.0
2025-11-26,GF 250,rendah,0.0,0.0,-0.0,0.0
2025-11-27,GF 250,rendah,0.0,0.0,-0.0,0.0
2025-11-28,GF 250,rendah,0.0,0.0,-0.0,0.0
2025-11-29,GF 250,rendah,0.0,0.0,-0.0,0.0
2025-11-30,GF 250,rendah,0.0,0.0,-0.0,0.0
2025-12-01,GF 250,rendah,0.0,0.0,-0.0,0.0
2025-12-02,GF 250,rendah,0.0,0.0,-0.0,0.0
2025-12-03,GF 250,rendah,0.0,0.0,-0.0,0.0
2025-12-04,GF 250,rendah,0.0,0.0,-0.0,0.0
2025-12-05,GF 250,rendah,0.0,0.0,-0.0,0.0
2025-12-06,GF 250,rendah,0.0,0.0,-0.0,0.0
2025-12-07,GF 250,rendah,0.0,0.0,-0.0,0.0
2025-12-08,GF 250,rendah,0.0,0.0,-0.0,0.0
2025-12-09,GF 250,rendah,0.0,0.0,-0.0,0.0
2025-12-10,GF 250,rendah,0.0,0.0,-0.0,0.0
2025-12-11,GF 250,rendah,0.0,0.0,-0.0,0.0
2025-12-12,GF 250,rendah,0.0,0.0,-0.0,0.0
2025-12-13,GF 250,rendah,0.0,0.0,-0.0,0.0
2025-12-14,GF 250,rendah,0.0,0.0,-0.0,0.0
2025-12-15,GF 250,rendah,0.0,0.0,-0.0,0.0
2025-12-16,GF 250,rendah,0.0,0.0,-0.0,0.0
2025-12-17,GF 250,rendah,0.0,0.0,-0.0,0.0
2025-12-18,GF 250,rendah,0.0,0.0,-0.0,0.0
2025-12-19,GF 250,rendah,0.0,0.0,-0.0,0.0
2025-12-20,GF 250,rendah,0.0,0.0,-0.0,0.0
2025-12-21,GF 250,rendah,0.0,0.0,-0.0,0.0
2025-12-22,GF 250,rendah,0.0,0.0,-0.0,0.0
2025-12-23,GF 250,rendah,0.0,0.0,-0.0,0.0
2025-12-24,GF 250,rendah,0.0,0.0,-0.0,0.0
2025-12-25,GF 250,rendah,0.0,0.0,-0.0,0.0
2025-12-26,GF 250,rendah,0.0,0.0,-0.0,0.0
2025-12-27,GF 250,rendah,0.0,0.0,-0.0,0.0
2025-12-28,GF 250,rendah,0.0,0.0,-0.0,0.0
2025-12-29,GF 250,rendah,0.0,0.0,-0.0,0.0
2025-12-30,GF 250,rendah,0.0,0.0,-0.0,0.0
2025-12-31,GF 250,rendah,0.0,0.0,-0.0,0.0
2025-11-25,IB,tinggi,0.0,0.01,-0.01,0.01
2025-11-26,IB,tinggi,0.0,0.01,-0.01,0.01
2025-11-27,IB,tinggi,0.0,0.01,-0.01,0.01
2025-11-28,IB,tinggi,0.0,0.01,-0.01,0.01
2025-11-29,IB,tinggi,0.0,0.01,-0.01,0.01
2025-11-30,IB,tinggi,0.0,0.01,-0.01,0.01
2025-12-01,IB,tinggi,0.0,0.01,-0.01,0.01
2025-12-02,IB,tinggi,0.0,0.01,-0.01,0.01
2025-12-03,IB,tinggi,0.0,0.01,-0.01,0.01
2025-12-04,IB,tinggi,0.0,0.01,-0.01,0.01
2025-12-05,IB,tinggi,0.0,0.01,-0.01,0.01
2025-12-06,IB,tinggi,0.0,0.01,-0.01,0.01
2025-12-07,IB,tinggi,0.0,0.01,-0.01,0.01
2025-12-08,IB,tinggi,0.0,0.01,-0.01,0.01
2025-12-09,IB,tinggi,0.0,0.01,-0.01,0.01
2025-12-10,IB,tinggi,0.0,0.01,-0.01,0.01
2025-12-11,IB,tinggi,0.0,0.01,-0.01,0.01
2025-12-12,IB,tinggi,0.0,0.01,-0.01,0.01
2025-12-13,IB,tinggi,0.0,0.01,-0.01,0.01
2025-12-14,IB,tinggi,0.0,0.01,-0.01,0.01
2025-12-15,IB,tinggi,0.0,0.01,-0.01,0.01
2025-12-16,IB,tinggi,0.0,0.01,-0.01,0.01
2025-12-17,IB,tinggi,0.0,0.01,-0.01,0.01
2025-12-18,IB,tinggi,0.0,0.01,-0.01,0.01
2025-12-19,IB,tinggi,0.0,0.01,-0.01,0.01
2025-12-20,IB,tinggi,1.0,0.01,0.99,0.99
2025-12-21,IB,tinggi,0.0,0.01,-0.01,0.01
2025-12-22,IB,tinggi,0.0,0.01,-0.01,0.01
2025-12-23,IB,tinggi,0.0,0.01,-0.01,0.01
2025-12-24,IB,tinggi,0.0,0.01,-0.01,0.01
2025-12-25,IB,tinggi,0.0,0.01,-0.01,0.01
2025-12-26,IB,tinggi,0.0,0.01,-0.01,0.01
2025-12-27,IB,tinggi,0.0,0.01,-0.01,0.01
2025-12-28,IB,tinggi,0.0,0.01,-0.01,0.01
2025-12-29,IB,tinggi,0.0,0.01,-0.01,0.01
2025-12-30,IB,tinggi,0.0,0.01,-0.01,0.01
2025-12-31,IB,tinggi,0.0,0.01,-0.01,0.01
2025-11-25,IB 10,tinggi,0.0,0.05,-0.05,0.05
2025-11-26,IB 10,tinggi,0.0,0.05,-0.05,0.05
2025-11-27,IB 10,tinggi,0.0,0.05,-0.05,0.05
2025-11-28,IB 10,tinggi,0.0,0.05,-0.05,0.05
2025-11-29,IB 10,tinggi,0.0,0.05,-0.05,0.05
2025-11-30,IB 10,tinggi,0.0,0.05,-0.05,0.05
2025-12-01,IB 10,tinggi,0.0,0.05,-0.05,0.05
2025-12-02,IB 10,tinggi,0.0,0.05,-0.05,0.05
2025-12-03,IB 10,tinggi,0.0,0.05,-0.05,0.05
2025-12-04,IB 10,tinggi,0.0,0.05,-0.05,0.05
2025-12-05,IB 10,tinggi,0.0,0.05,-0.05,0.05
2025-12-06,IB 10,tinggi,0.0,0.05,-0.05,0.05
2025-12-07,IB 10,tinggi,0.0,0.05,-0.05,0.05
2025-12-08,IB 10,tinggi,0.0,0.05,-0.05,0.05
2025-12-09,IB 10,tinggi,0.0,0.05,-0.05,0.05
2025-12-10,IB 10,tinggi,0.0,0.05,-0.05,0.05
2025-12-11,IB 10,tinggi,0.0,0.05,-0.05,0.05
2025-12-12,IB 10,tinggi,0.0,0.05,-0.05,0.05
2025-12-13,IB 10,tinggi,0.0,0.05,-0.05,0.05
2025-12-14,IB 10,tinggi,0.0,0.05,-0.05,0.05
2025-12-15,IB 10,tinggi,0.0,0.05,-0.05,0.05
2025-12-16,IB 10,tinggi,0.0,0.05,-0.05,0.05
2025-12-17,IB 10,tinggi,0.0,0.05,-0.05,0.05
2025-12-18,IB 10,tinggi,0.0,0.05,-0.05,0.05
2025-12-19,IB 10,tinggi,0.0,0.05,-0.05,0.05
2025-12-20,IB 10,tinggi,0.0,0.05,-0.05,0.05
2025-12-21,IB 10,tinggi,0.0,0.05,-0.05,0.05
2025-12-22,IB 10,tinggi,0.0,0.05,-0.05,0.05
2025-12-23,IB 10,tinggi,0.0,0.05,-0.05,0.05
2025-12-24,IB 10,tinggi,0.0,0.05,-0.05,0.05
2025-12-25,IB 10,tinggi,0.0,0.05,-0.05,0.05
2025-12-26,IB 10,tinggi,0.0,0.05,-0.05,0.05
2025-12-27,IB 10,tinggi,0.0,0.05,-0.05,0.05
2025-12-28,IB 10,tinggi,0.0,0.05,-0.05,0.05
2025-12-29,IB 10,tinggi,0.0,0.05,-0.05,0.05
2025-12-30,IB 10,tinggi,0.0,0.05,-0.05,0.05
2025-12-31,IB 10,tinggi,0.0,0.05,-0.05,0.05
2025-11-25,IB 100,menengah,0.0,0.01,-0.01,0.01
2025-11-26,IB 100,menengah,0.0,0.01,-0.01,0.01
2025-11-27,IB 100,menengah,0.0,0.01,-0.01,0.01
2025-11-28,IB 100,menengah,0.0,0.01,-0.01,0.01
2025-11-29,IB 100,menengah,0.0,0.01,-0.01,0.01
2025-11-30,IB 100,menengah,0.0,0.01,-0.01,0.01
2025-12-01,IB 100,menengah,0.0,0.01,-0.01,0.01
2025-12-02,IB 100,menengah,0.0,0.01,-0.01,0.01
2025-12-03,IB 100,menengah,0.0,0.01,-0.01,0.01
2025-12-04,IB 100,menengah,0.0,0.01,-0.01,0.01
2025-12-05,IB 100,menengah,0.0,0.01,-0.01,0.01
2025-12-06,IB 100,menengah,0.0,0.01,-0.01,0.01
2025-12-07,IB 100,menengah,0.0,0.01,-0.01,0.01
2025-12-08,IB 100,menengah,0.0,0.01,-0.01,0.01
2025-12-09,IB 100,menengah,0.0,0.01,-0.01,0.01
2025-12-10,IB 100,menengah,0.0,0.01,-0.01,0.01
2025-12-11,IB 100,menengah,0.0,0.01,-0.01,0.01
2025-12-12,IB 100,menengah,0.0,0.01,-0.01,0.01
2025-12-13,IB 100,menengah,0.0,0.01,-0.01,0.01
2025-12-14,IB 100,menengah,0.0,0.01,-0.01,0.01
2025-12-15,IB 100,menengah,0.0,0.01,-0.01,0.01
2025-12-16,IB 100,menengah,0.0,0.01,-0.01,0.01
2025-12-17,IB 100,menengah,0.0,0.01,-0.01,0.01
2025-12-18,IB 100,menengah,0.0,0.01,-0.01,0.01
2025-12-19,IB 100,menengah,0.0,0.01,-0.01,0.01
2025-12-20,IB 100,menengah,0.0,0.01,-0.01,0.01
2025-12-21,IB 100,menengah,0.0,0.01,-0.01,0.01
2025-12-22,IB 100,menengah,0.0,0.01,-0.01,0.01
2025-12-23,IB 100,menengah,0.0,0.01,-0.01,0.01
2025-12-24,IB 100,menengah,0.0,0.01,-0.01,0.01
2025-12-25,IB 100,menengah,0.0,0.01,-0.01,0.01
2025-12-26,IB 100,menengah,0.0,0.01,-0.01,0.01
2025-12-27,IB 100,menengah,0.0,0.01,-0.01,0.01
2025-12-28,IB 100,menengah,0.0,0.01,-0.01,0.01
2025-12-29,IB 100,menengah,0.0,0.01,-0.01,0.01
2025-12-30,IB 100,menengah,0.0,0.01,-0.01,0.01
2025-12-31,IB 100,menengah,0.0,0.01,-0.01,0.01
2025-11-25,JOY,menengah,0.0,0.01,-0.01,0.01
2025-11-26,JOY,menengah,0.0,0.01,-0.01,0.01
2025-11-27,JOY,menengah,0.0,0.01,-0.01,0.01
2025-11-28,JOY,menengah,0.0,0.01,-0.01,0.01
2025-11-29,JOY,menengah,0.0,0.01,-0.01,0.01
2025-11-30,JOY,menengah,0.0,0.01,-0.01,0.01
2025-12-01,JOY,menengah,0.0,0.01,-0.01,0.01
2025-12-02,JOY,menengah,0.0,0.01,-0.01,0.01
2025-12-03,JOY,menengah,0.0,0.01,-0.01,0.01
2025-12-04,JOY,menengah,0.0,0.01,-0.01,0.01
2025-12-05,JOY,menengah,0.0,0.01,-0.01,0.01
2025-12-06,JOY,menengah,0.0,0.01,-0.01,0.01
2025-12-07,JOY,menengah,0.0,0.01,-0.01,0.01
2025-12-08,JOY,menengah,0.0,0.01,-0.01,0.01
2025-12-09,JOY,menengah,0.0,0.01,-0.01,0.01
2025-12-10,JOY,menengah,0.0,0.01,-0.01,0.01
2025-12-11,JOY,menengah,0.0,0.01,-0.01,0.01
2025-12-12,JOY,menengah,0.0,0.01,-0.01,0.01
2025-12-13,JOY,menengah,0.0,0.01,-0.01,0.01
2025-12-14,JOY,menengah,0.0,0.01,-0.01,0.01
2025-12-15,JOY,menengah,0.0,0.01,-0.01,0.01
2025-12-16,JOY,menengah,0.0,0.01,-0.01,0.01
2025-12-17,JOY,menengah,0.0,0.01,-0.01,0.01
2025-12-18,JOY,menengah,0.0,0.01,-0.01,0.01
2025-12-19,JOY,menengah,0.0,0.01,-0.01,0.01
2025-12-20,JOY,menengah,0.0,0.01,-0.01,0.01
2025-12-21,JOY,menengah,0.0,0.01,-0.01,0.01
2025-12-22,JOY,menengah,0.0,0.01,-0.01,0.01
2025-12-23,JOY,menengah,0.0,0.01,-0.01,0.01
2025-12-24,JOY,menengah,0.0,0.01,-0.01,0.01
2025-12-25,JOY,menengah,0.0,0.01,-0.01,0.01
2025-12-26,JOY,menengah,0.0,0.01,-0.01,0.01
2025-12-27,JOY,menengah,0.0,0.01,-0.01,0.01
2025-12-28,JOY,menengah,0.0,0.01,-0.01,0.01
2025-12-29,JOY,menengah,0.0,0.01,-0.01,0.01
2025-12-30,JOY,menengah,0.0,0.01,-0.01,0.01
2025-12-31,JOY,menengah,0.0,0.01,-0.01,0.01
2025-11-25,JOY 10,rendah,0.0,0.0,-0.0,0.0
2025-11-26,JOY 10,rendah,0.0,0.0,-0.0,0.0
2025-11-27,JOY 10,rendah,0.0,0.0,-0.0,0.0
2025-11-28,JOY 10,rendah,0.0,0.0,-0.0,0.0
2025-11-29,JOY 10,rendah,0.0,0.0,-0.0,0.0
2025-11-30,JOY 10,rendah,0.0,0.0,-0.0,0.0
2025-12-01,JOY 10,rendah,0.0,0.0,-0.0,0.0
2025-12-02,JOY 10,rendah,0.0,0.0,-0.0,0.0
2025-12-03,JOY 10,rendah,0.0,0.0,-0.0,0.0
2025-12-04,JOY 10,rendah,0.0,0.0,-0.0,0.0
2025-12-05,JOY 10,rendah,0.0,0.0,-0.0,0.0
2025-12-06,JOY 10,rendah,0.0,0.0,-0.0,0.0
2025-12-07,JOY 10,rendah,0.0,0.0,-0.0,0.0
2025-12-08,JOY 10,rendah,0.0,0.0,-0.0,0.0
2025-12-09,JOY 10,rendah,0.0,0.0,-0.0,0.0
2025-12-10,JOY 10,rendah,0.0,0.0,-0.0,0.0
2025-12-11,JOY 10,rendah,0.0,0.0,-0.0,0.0
2025-12-12,JOY 10,rendah,0.0,0.0,-0.0,0.0
2025-12-13,JOY 10,rendah,0.0,0.0,-0.0,0.0
2025-12-14,JOY 10,rendah,0.0,0.0,-0.0,0.0
2025-12-15,JOY 10,rendah,0.0,0.0,-0.0,0.0
2025-12-16,JOY 10,rendah,0.0,0.0,-0.0,0.0
2025-12-17,JOY 10,rendah,0.0,0.0,-0.0,0.0
2025-12-18,JOY 10,rendah,0.0,0.0,-0.0,0.0
2025-12-19,JOY 10,rendah,0.0,0.0,-0.0,0.0
2025-12-20,JOY 10,rendah,0.0,0.0,-0.0,0.0
2025-12-21,JOY 10,rendah,0.0,0.0,-0.0,0.0
2025-12-22,JOY 10,rendah,0.0,0.0,-0.0,0.0
2025-12-23,JOY 10,rendah,0.0,0.0,-0.0,0.0
2025-12-24,JOY 10,rendah,0.0,0.0,-0.0,0.0
2025-12-25,JOY 10,rendah,0.0,0.0,-0.0,0.0
2025-12-26,JOY 10,rendah,0.0,0.0,-0.0,0.0
2025-12-27,JOY 10,rendah,0.0,0.0,-0.0,0.0
2025-12-28,JOY 10,rendah,0.0,0.0,-0.0,0.0
2025-12-29,JOY 10,rendah,0.0,0.0,-0.0,0.0
2025-12-30,JOY 10,rendah,0.0,0.0,-0.0,0.0
2025-12-31,JOY 10,rendah,0.0,0.0,-0.0,0.0
2025-11-25,JOY 100,rendah,0.0,0.0,-0.0,0.0
2025-11-26,JOY 100,rendah,0.0,0.0,-0.0,0.0
2025-11-27,JOY 100,rendah,0.0,0.0,-0.0,0.0
2025-11-28,JOY 100,rendah,0.0,0.0,-0.0,0.0
2025-11-29,JOY 100,rendah,0.0,0.0,-0.0,0.0
2025-11-30,JOY 100,rendah,0.0,0.0,-0.0,0.0
2025-12-01,JOY 100,rendah,0.0,0.0,-0.0,0.0
2025-12-02,JOY 100,rendah,0.0,0.0,-0.0,0.0
2025-12-03,JOY 100,rendah,0.0,0.0,-0.0,0.0
2025-12-04,JOY 100,rendah,0.0,0.0,-0.0,0.0
2025-12-05,JOY 100,rendah,0.0,0.0,-0.0,0.0
2025-12-06,JOY 100,rendah,0.0,0.0,-0.0,0.0
2025-12-07,JOY 100,rendah,0.0,0.0,-0.0,0.0
2025-12-08,JOY 100,rendah,0.0,0.0,-0.0,0.0
2025-12-09,JOY 100,rendah,0.0,0.0,-0.0,0.0
2025-12-10,JOY 100,rendah,0.0,0.0,-0.0,0.0
2025-12-11,JOY 100,rendah,0.0,0.0,-0.0,0.0
2025-12-12,JOY 100,rendah,0.0,0.0,-0.0,0.0
2025-12-13,JOY 100,rendah,0.0,0.0,-0.0,0.0
2025-12-14,JOY 100,rendah,0.0,0.0,-0.0,0.0
2025-12-15,JOY 100,rendah,0.0,0.0,-0.0,0.0
2025-12-16,JOY 100,rendah,0.0,0.0,-0.0,0.0
2025-12-17,JOY 100,rendah,0.0,0.0,-0.0,0.0
2025-12-18,JOY 100,rendah,0.0,0.0,-0.0,0.0
2025-12-19,JOY 100,rendah,0.0,0.0,-0.0,0.0
2025-12-20,JOY 100,rendah,0.0,0.0,-0.0,0.0
2025-12-21,JOY 100,rendah,0.0,0.0,-0.0,0.0
2025-12-22,JOY 100,rendah,0.0,0.0,-0.0,0.0
2025-12-23,JOY 100,rendah,0.0,0.0,-0.0,0.0
2025-12-24,JOY 100,rendah,0.0,0.0,-0.0,0.0
2025-12-25,JOY 100,rendah,0.0,0.0,-0.0,0.0
2025-12-26,JOY 100,rendah,0.0,0.0,-0.0,0.0
2025-12-27,JOY 100,rendah,0.0,0.0,-0.0,0.0
2025-12-28,JOY 100,rendah,0.0,0.0,-0.0,0.0
2025-12-29,JOY 100,rendah,0.0,0.0,-0.0,0.0
2025-12-30,JOY 100,rendah,0.0,0.0,-0.0,0.0
2025-12-31,JOY 100,rendah,0.0,0.0,-0.0,0.0
2025-11-25,LDR,rendah,0.0,0.0,-0.0,0.0
2025-11-26,LDR,rendah,0.0,0.0,-0.0,0.0
2025-11-27,LDR,rendah,0.0,0.0,-0.0,0.0
2025-11-28,LDR,rendah,0.0,0.0,-0.0,0.0
2025-11-29,LDR,rendah,0.0,0.0,-0.0,0.0
2025-11-30,LDR,rendah,0.0,0.0,-0.0,0.0
2025-12-01,LDR,rendah,0.0,0.0,-0.0,0.0
2025-12-02,LDR,rendah,0.0,0.0,-0.0,0.0
2025-12-03,LDR,rendah,0.0,0.0,-0.0,0.0
2025-12-04,LDR,rendah,0.0,0.0,-0.0,0.0
2025-12-05,LDR,rendah,0.0,0.0,-0.0,0.0
2025-12-06,LDR,rendah,0.0,0.0,-0.0,0.0
2025-12-07,LDR,rendah,0.0,0.0,-0.0,0.0
2025-12-08,LDR,rendah,0.0,0.0,-0.0,0.0
2025-12-09,LDR,rendah,0.0,0.0,-0.0,0.0
2025-12-10,LDR,rendah,0.0,0.0,-0.0,0.0
2025-12-11,LDR,rendah,0.0,0.0,-0.0,0.0
2025-12-12,LDR,rendah,0.0,0.0,-0.0,0.0
2025-12-13,LDR,rendah,0.0,0.0,-0.0,0.0
2025-12-14,LDR,rendah,0.0,0.0,-0.0,0.0
2025-12-15,LDR,rendah,0.0,0.0,-0.0,0.0
2025-12-16,LDR,rendah,0.0,0.0,-0.0,0.0
2025-12-17,LDR,rendah,0.0,0.0,-0.0,0.0
2025-12-18,LDR,rendah,0.0,0.0,-0.0,0.0
2025-12-19,LDR,rendah,0.0,0.0,-0.0,0.0
2025-12-20,LDR,rendah,0.0,0.0,-0.0,0.0
2025-12-21,LDR,rendah,0.0,0.0,-0.0,0.0
2025-12-22,LDR,rendah,0.0,0.0,-0.0,0.0
2025-12-23,LDR,rendah,0.0,0.0,-0.0,0.0
2025-12-24,LDR,rendah,0.0,0.0,-0.0,0.0
2025-12-25,LDR,rendah,0.0,0.0,-0.0,0.0
2025-12-26,LDR,rendah,0.0,0.0,-0.0,0.0
2025-12-27,LDR,rendah,0.0,0.0,-0.0,0.0
2025-12-28,LDR,rendah,0.0,0.0,-0.0,0.0
2025-12-29,LDR,rendah,0.0,0.0,-0.0,0.0
2025-12-30,LDR,rendah,0.0,0.0,-0.0,0.0
2025-12-31,LDR,rendah,0.0,0.0,-0.0,0.0
2025-11-25,LDR 10,menengah,0.0,0.03,-0.03,0.03
2025-11-26,LDR 10,menengah,0.0,0.03,-0.03,0.03
2025-11-27,LDR 10,menengah,0.0,0.03,-0.03,0.03
2025-11-28,LDR 10,menengah,0.0,0.03,-0.03,0.03
2025-11-29,LDR 10,menengah,0.0,0.03,-0.03,0.03
2025-11-30,LDR 10,menengah,0.0,0.03,-0.03,0.03
2025-12-01,LDR 10,menengah,0.0,0.03,-0.03,0.03
2025-12-02,LDR 10,menengah,0.0,0.03,-0.03,0.03
2025-12-03,LDR 10,menengah,0.0,0.03,-0.03,0.03
2025-12-04,LDR 10,menengah,0.0,0.03,-0.03,0.03
2025-12-05,LDR 10,menengah,0.0,0.03,-0.03,0.03
2025-12-06,LDR 10,menengah,0.0,0.03,-0.03,0.03
2025-12-07,LDR 10,menengah,0.0,0.03,-0.03,0.03
2025-12-08,LDR 10,menengah,0.0,0.03,-0.03,0.03
2025-12-09,LDR 10,menengah,0.0,0.03,-0.03,0.03
2025-12-10,LDR 10,menengah,0.0,0.03,-0.03,0.03
2025-12-11,LDR 10,menengah,0.0,0.03,-0.03,0.03
2025-12-12,LDR 10,menengah,0.0,0.03,-0.03,0.03
2025-12-13,LDR 10,menengah,0.0,0.03,-0.03,0.03
2025-12-14,LDR 10,menengah,0.0,0.03,-0.03,0.03
2025-12-15,LDR 10,menengah,0.0,0.03,-0.03,0.03
2025-12-16,LDR 10,menengah,0.0,0.03,-0.03,0.03
2025-12-17,LDR 10,menengah,0.0,0.03,-0.03,0.03
2025-12-18,LDR 10,menengah,0.0,0.03,-0.03,0.03
2025-12-19,LDR 10,menengah,0.0,0.03,-0.03,0.03
2025-12-20,LDR 10,menengah,0.0,0.03,-0.03,0.03
2025-12-21,LDR 10,menengah,0.0,0.03,-0.03,0.03
2025-12-22,LDR 10,menengah,0.0,0.03,-0.03,0.03
2025-12-23,LDR 10,menengah,0.0,0.03,-0.03,0.03
2025-12-24,LDR 10,menengah,0.0,0.03,-0.03,0.03
2025-12-25,LDR 10,menengah,0.0,0.03,-0.03,0.03
2025-12-26,LDR 10,menengah,0.0,0.03,-0.03,0.03
2025-12-27,LDR 10,menengah,0.0,0.03,-0.03,0.03
2025-12-28,LDR 10,menengah,0.0,0.03,-0.03,0.03
2025-12-29,LDR 10,menengah,0.0,0.03,-0.03,0.03
2025-12-30,LDR 10,menengah,0.0,0.03,-0.03,0.03
2025-12-31,LDR 10,menengah,0.0,0.03,-0.03,0.03
2025-11-25,LDR 250,rendah,0.0,0.0,-0.0,0.0
2025-11-26,LDR 250,rendah,0.0,0.0,-0.0,0.0
2025-11-27,LDR 250,rendah,0.0,0.0,-0.0,0.0
2025-11-28,LDR 250,rendah,0.0,0.0,-0.0,0.0
2025-11-29,LDR 250,rendah,0.0,0.0,-0.0,0.0
2025-11-30,LDR 250,rendah,0.0,0.0,-0.0,0.0
2025-12-01,LDR 250,rendah,0.0,0.0,-0.0,0.0
2025-12-02,LDR 250,rendah,0.0,0.0,-0.0,0.0
2025-12-03,LDR 250,rendah,0.0,0.0,-0.0,0.0
2025-12-04,LDR 250,rendah,0.0,0.0,-0.0,0.0
2025-12-05,LDR 250,rendah,0.0,0.0,-0.0,0.0
2025-12-06,LDR 250,rendah,0.0,0.0,-0.0,0.0
2025-12-07,LDR 250,rendah,0.0,0.0,-0.0,0.0
2025-12-08,LDR 250,rendah,0.0,0.0,-0.0,0.0
2025-12-09,LDR 250,rendah,0.0,0.0,-0.0,0.0
2025-12-10,LDR 250,rendah,0.0,0.0,-0.0,0.0
2025-12-11,LDR 250,rendah,0.0,0.0,-0.0,0.0
2025-12-12,LDR 250,rendah,0.0,0.0,-0.0,0.0
2025-12-13,LDR 250,rendah,0.0,0.0,-0.0,0.0
2025-12-14,LDR 250,rendah,0.0,0.0,-0.0,0.0
2025-12-15,LDR 250,rendah,0.0,0.0,-0.0,0.0
2025-12-16,LDR 250,rendah,0.0,0.0,-0.0,0.0
2025-12-17,LDR 250,rendah,0.0,0.0,-0.0,0.0
2025-12-18,LDR 250,rendah,0.0,0.0,-0.0,0.0
2025-12-19,LDR 250,rendah,0.0,0.0,-0.0,0.0
2025-12-20,LDR 250,rendah,0.0,0.0,-0.0,0.0
2025-12-21,LDR 250,rendah,0.0,0.0,-0.0,0.0
2025-12-22,LDR 250,rendah,0.0,0.0,-0.0,0.0
2025-12-23,LDR 250,rendah,0.0,0.0,-0.0,0.0
2025-12-24,LDR 250,rendah,0.0,0.0,-0.0,0.0
2025-12-25,LDR 250,rendah,0.0,0.0,-0.0,0.0
2025-12-26,LDR 250,rendah,0.0,0.0,-0.0,0.0
2025-12-27,LDR 250,rendah,0.0,0.0,-0.0,0.0
2025-12-28,LDR 250,rendah,0.0,0.0,-0.0,0.0
2025-12-29,LDR 250,rendah,0.0,0.0,-0.0,0.0
2025-12-30,LDR 250,rendah,0.0,0.0,-0.0,0.0
2025-12-31,LDR 250,rendah,0.0,0.0,-0.0,0.0
2025-11-25,MYB,menengah,0.0,0.01,-0.01,0.01
2025-11-26,MYB,menengah,0.0,0.01,-0.01,0.01
2025-11-27,MYB,menengah,0.0,0.01,-0.01,0.01
2025-11-28,MYB,menengah,0.0,0.01,-0.01,0.01
2025-11-29,MYB,menengah,0.0,0.01,-0.01,0.01
2025-11-30,MYB,menengah,0.0,0.01,-0.01,0.01
2025-12-01,MYB,menengah,0.0,0.01,-0.01,0.01
2025-12-02,MYB,menengah,0.0,0.01,-0.01,0.01
2025-12-03,MYB,menengah,0.0,0.01,-0.01,0.01
2025-12-04,MYB,menengah,0.0,0.01,-0.01,0.01
2025-12-05,MYB,menengah,0.0,0.01,-0.01,0.01
2025-12-06,MYB,menengah,0.0,0.01,-0.01,0.01
2025-12-07,MYB,menengah,0.0,0.01,-0.01,0.01
2025-12-08,MYB,menengah,0.0,0.01,-0.01,0.01
2025-12-09,MYB,menengah,0.0,0.01,-0.01,0.01
2025-12-10,MYB,menengah,0.0,0.01,-0.01,0.01
2025-12-11,MYB,menengah,0.0,0.01,-0.01,0.01
2025-12-12,MYB,menengah,0.0,0.01,-0.01,0.01
2025-12-13,MYB,menengah,0.0,0.01,-0.01,0.01
2025-12-14,MYB,menengah,0.0,0.01,-0.01,0.01
2025-12-15,MYB,menengah,0.0,0.01,-0.01,0.01
2025-12-16,MYB,menengah,0.0,0.01,-0.01,0.01
2025-12-17,MYB,menengah,0.0,0.01,-0.01,0.01
2025-12-18,MYB,menengah,0.0,0.01,-0.01,0.01
2025-12-19,MYB,menengah,0.0,0.01,-0.01,0.01
2025-12-20,MYB,menengah,0.0,0.01,-0.01,0.01
2025-12-21,MYB,menengah,0.0,0.01,-0.01,0.01
2025-12-22,MYB,menengah,0.0,0.01,-0.01,0.01
2025-12-23,MYB,menengah,0.0,0.01,-0.01,0.01
2025-12-24,MYB,menengah,0.0,0.01,-0.01,0.01
2025-12-25,MYB,menengah,0.0,0.01,-0.01,0.01
2025-12-26,MYB,menengah,0.0,0.01,-0.01,0.01
2025-12-27,MYB,menengah,0.0,0.01,-0.01,0.01
2025-12-28,MYB,menengah,0.0,0.01,-0.01,0.01
2025-12-29,MYB,menengah,0.0,0.01,-0.01,0.01
2025-12-30,MYB,menengah,0.0,0.01,-0.01,0.01
2025-12-31,MYB,menengah,0.0,0.01,-0.01,0.01
2025-11-25,MYB 10,menengah,0.0,0.03,-0.03,0.03
2025-11-26,MYB 10,menengah,0.0,0.03,-0.03,0.03
2025-11-27,MYB 10,menengah,0.0,0.03,-0.03,0.03
2025-11-28,MYB 10,menengah,0.0,0.03,-0.03,0.03
2025-11-29,MYB 10,menengah,0.0,0.03,-0.03,0.03
2025-11-30,MYB 10,menengah,0.0,0.03,-0.03,0.03
2025-12-01,MYB 10,menengah,0.0,0.03,-0.03,0.03
2025-12-02,MYB 10,menengah,0.0,0.03,-0.03,0.03
2025-12-03,MYB 10,menengah,0.0,0.03,-0.03,0.03
2025-12-04,MYB 10,menengah,0.0,0.03,-0.03,0.03
2025-12-05,MYB 10,menengah,0.0,0.03,-0.03,0.03
2025-12-06,MYB 10,menengah,0.0,0.03,-0.03,0.03
2025-12-07,MYB 10,menengah,0.0,0.03,-0.03,0.03
2025-12-08,MYB 10,menengah,0.0,0.03,-0.03,0.03
2025-12-09,MYB 10,menengah,0.0,0.03,-0.03,0.03
2025-12-10,MYB 10,menengah,0.0,0.03,-0.03,0.03
2025-12-11,MYB 10,menengah,0.0,0.03,-0.03,0.03
2025-12-12,MYB 10,menengah,0.0,0.03,-0.03,0.03
2025-12-13,MYB 10,menengah,0.0,0.03,-0.03,0.03
2025-12-14,MYB 10,menengah,0.0,0.03,-0.03,0.03
2025-12-15,MYB 10,menengah,0.0,0.03,-0.03,0.03
2025-12-16,MYB 10,menengah,0.0,0.03,-0.03,0.03
2025-12-17,MYB 10,menengah,0.0,0.03,-0.03,0.03
2025-12-18,MYB 10,menengah,0.0,0.03,-0.03,0.03
2025-12-19,MYB 10,menengah,0.0,0.03,-0.03,0.03
2025-12-20,MYB 10,menengah,0.0,0.03,-0.03,0.03
2025-12-21,MYB 10,menengah,0.0,0.03,-0.03,0.03
2025-12-22,MYB 10,menengah,0.0,0.03,-0.03,0.03
2025-12-23,MYB 10,menengah,0.0,0.03,-0.03,0.03
2025-12-24,MYB 10,menengah,0.0,0.03,-0.03,0.03
2025-12-25,MYB 10,menengah,0.0,0.03,-0.03,0.03
2025-12-26,MYB 10,menengah,0.0,0.03,-0.03,0.03
2025-12-27,MYB 10,menengah,0.0,0.03,-0.03,0.03
2025-12-28,MYB 10,menengah,0.0,0.03,-0.03,0.03
2025-12-29,MYB 10,menengah,0.0,0.03,-0.03,0.03
2025-12-30,MYB 10,menengah,0.0,0.03,-0.03,0.03
2025-12-31,MYB 10,menengah,0.0,0.03,-0.03,0.03
2025-11-25,MYB 100,rendah,0.0,0.0,-0.0,0.0
2025-11-26,MYB 100,rendah,0.0,0.0,-0.0,0.0
2025-11-27,MYB 100,rendah,0.0,0.0,-0.0,0.0
2025-11-28,MYB 100,rendah,0.0,0.0,-0.0,0.0
2025-11-29,MYB 100,rendah,0.0,0.0,-0.0,0.0
2025-11-30,MYB 100,rendah,0.0,0.0,-0.0,0.0
2025-12-01,MYB 100,rendah,0.0,0.0,-0.0,0.0
2025-12-02,MYB 100,rendah,0.0,0.0,-0.0,0.0
2025-12-03,MYB 100,rendah,0.0,0.0,-0.0,0.0
2025-12-04,MYB 100,rendah,0.0,0.0,-0.0,0.0
2025-12-05,MYB 100,rendah,0.0,0.0,-0.0,0.0
2025-12-06,MYB 100,rendah,0.0,0.0,-0.0,0.0
2025-12-07,MYB 100,rendah,0.0,0.0,-0.0,0.0
2025-12-08,MYB 100,rendah,0.0,0.0,-0.0,0.0
2025-12-09,MYB 100,rendah,0.0,0.0,-0.0,0.0
2025-12-10,MYB 100,rendah,0.0,0.0,-0.0,0.0
2025-12-11,MYB 100,rendah,0.0,0.0,-0.0,0.0
2025-12-12,MYB 100,rendah,0.0,0.0,-0.0,0.0
2025-12-13,MYB 100,rendah,0.0,0.0,-0.0,0.0
2025-12-14,MYB 100,rendah,0.0,0.0,-0.0,0.0
2025-12-15,MYB 100,rendah,0.0,0.0,-0.0,0.0
2025-12-16,MYB 100,rendah,0.0,0.0,-0.0,0.0
2025-12-17,MYB 100,rendah,0.0,0.0,-0.0,0.0
2025-12-18,MYB 100,rendah,0.0,0.0,-0.0,0.0
2025-12-19,MYB 100,rendah,0.0,0.0,-0.0,0.0
2025-12-20,MYB 100,rendah,0.0,0.0,-0.0,0.0
2025-12-21,MYB 100,rendah,0.0,0.0,-0.0,0.0
2025-12-22,MYB 100,rendah,0.0,0.0,-0.0,0.0
2025-12-23,MYB 100,rendah,0.0,0.0,-0.0,0.0
2025-12-24,MYB 100,rendah,0.0,0.0,-0.0,0.0
2025-12-25,MYB 100,rendah,0.0,0.0,-0.0,0.0
2025-12-26,MYB 100,rendah,0.0,0.0,-0.0,0.0
2025-12-27,MYB 100,rendah,0.0,0.0,-0.0,0.0
2025-12-28,MYB 100,rendah,0.0,0.0,-0.0,0.0
2025-12-29,MYB 100,rendah,0.0,0.0,-0.0,0.0
2025-12-30,MYB 100,rendah,0.0,0.0,-0.0,0.0
2025-12-31,MYB 100,rendah,0.0,0.0,-0.0,0.0
2025-11-25,NB,tinggi,0.0,0.04,-0.04,0.04
2025-11-26,NB,tinggi,0.0,0.04,-0.04,0.04
2025-11-27,NB,tinggi,0.0,0.04,-0.04,0.04
2025-11-28,NB,tinggi,0.0,0.04,-0.04,0.04
2025-11-29,NB,tinggi,0.0,0.04,-0.04,0.04
2025-11-30,NB,tinggi,0.0,0.04,-0.04,0.04
2025-12-01,NB,tinggi,0.0,0.04,-0.04,0.04
2025-12-02,NB,tinggi,0.0,0.04,-0.04,0.04
2025-12-03,NB,tinggi,0.0,0.04,-0.04,0.04
2025-12-04,NB,tinggi,0.0,0.04,-0.04,0.04
2025-12-05,NB,tinggi,0.0,0.04,-0.04,0.04
2025-12-06,NB,tinggi,0.0,0.04,-0.04,0.04
2025-12-07,NB,tinggi,0.0,0.04,-0.04,0.04
2025-12-08,NB,tinggi,0.0,0.04,-0.04,0.04
2025-12-09,NB,tinggi,0.0,0.04,-0.04,0.04
2025-12-10,NB,tinggi,0.0,0.04,-0.04,0.04
2025-12-11,NB,tinggi,0.0,0.04,-0.04,0.04
2025-12-12,NB,tinggi,0.0,0.04,-0.04,0.04
2025-12-13,NB,tinggi,0.0,0.04,-0.04,0.04
2025-12-14,NB,tinggi,0.0,0.04,-0.04,0.04
2025-12-15,NB,tinggi,0.0,0.04,-0.04,0.04
2025-12-16,NB,tinggi,0.0,0.04,-0.04,0.04
2025-12-17,NB,tinggi,0.0,0.04,-0.04,0.04
2025-12-18,NB,tinggi,0.0,0.04,-0.04,0.04
2025-12-19,NB,tinggi,0.0,0.04,-0.04,0.04
2025-12-20,NB,tinggi,0.0,0.04,-0.04,0.04
2025-12-21,NB,tinggi,0.0,0.04,-0.04,0.04
2025-12-22,NB,tinggi,0.0,0.04,-0.04,0.04
2025-12-23,NB,tinggi,0.0,0.04,-0.04,0.04
2025-12-24,NB,tinggi,0.0,0.04,-0.04,0.04
2025-12-25,NB,tinggi,0.0,0.04,-0.04,0.04
2025-12-26,NB,tinggi,0.0,0.04,-0.04,0.04
2025-12-27,NB,tinggi,0.0,0.04,-0.04,0.04
2025-12-28,NB,tinggi,0.0,0.04,-0.04,0.04
2025-12-29,NB,tinggi,0.0,0.04,-0.04,0.04
2025-12-30,NB,tinggi,0.0,0.04,-0.04,0.04
2025-12-31,NB,tinggi,0.0,0.04,-0.04,0.04
2025-11-25,TC,rendah,0.0,0.0,0.0,0.0
2025-11-26,TC,rendah,0.0,0.01,-0.01,0.01
2025-11-27,TC,rendah,0.0,0.0,0.0,0.0
2025-11-28,TC,rendah,0.0,0.01,-0.01,0.01
2025-11-29,TC,rendah,0.0,0.0,0.0,0.0
2025-11-30,TC,rendah,0.0,0.01,-0.01,0.01
2025-12-01,TC,rendah,0.0,0.0,0.0,0.0
2025-12-02,TC,rendah,0.0,0.01,-0.01,0.01
2025-12-03,TC,rendah,0.0,0.0,0.0,0.0
2025-12-04,TC,rendah,0.0,0.01,-0.01,0.01
2025-12-05,TC,rendah,0.0,0.0,0.0,0.0
2025-12-06,TC,rendah,0.0,0.01,-0.01,0.01
2025-12-07,TC,rendah,0.0,0.0,0.0,0.0
2025-12-08,TC,rendah,0.0,0.01,-0.01,0.01
2025-12-09,TC,rendah,0.0,0.0,0.0,0.0
2025-12-10,TC,rendah,0.0,0.01,-0.01,0.01
2025-12-11,TC,rendah,0.0,0.0,0.0,0.0
2025-12-12,TC,rendah,0.0,0.01,-0.01,0.01
2025-12-13,TC,rendah,0.0,0.0,0.0,0.0
2025-12-14,TC,rendah,0.0,0.01,-0.01,0.01
2025-12-15,TC,rendah,0.0,0.0,0.0,0.0
2025-12-16,TC,rendah,0.0,0.01,-0.01,0.01
2025-12-17,TC,rendah,0.0,0.0,0.0,0.0
2025-12-18,TC,rendah,0.0,0.01,-0.01,0.01
2025-12-19,TC,rendah,0.0,0.0,0.0,0.0
2025-12-20,TC,rendah,0.0,0.0,-0.0,0.0
2025-12-21,TC,rendah,0.0,0.0,0.0,0.0
2025-12-22,TC,rendah,0.0,0.0,-0.0,0.0
2025-12-23,TC,rendah,0.0,0.0,0.0,0.0
2025-12-24,TC,rendah,0.0,0.0,-0.0,0.0
2025-12-25,TC,rendah,0.0,0.0,0.0,0.0
2025-12-26,TC,rendah,0.0,0.0,-0.0,0.0
2025-12-27,TC,rendah,0.0,0.0,0.0,0.0
2025-12-28,TC,rendah,0.0,0.0,-0.0,0.0
2025-12-29,TC,rendah,0.0,0.0,0.0,0.0
2025-12-30,TC,rendah,0.0,0.0,-0.0,0.0
2025-12-31,TC,rendah,0.0,0.0,0.0,0.0
2025-11-25,TC 10,tinggi,0.0,0.06,-0.06,0.06
2025-11-26,TC 10,tinggi,0.0,0.06,-0.06,0.06
2025-11-27,TC 10,tinggi,0.0,0.05,-0.05,0.05
2025-11-28,TC 10,tinggi,1.0,0.06,0.94,0.94
2025-11-29,TC 10,tinggi,0.0,0.06,-0.06,0.06
2025-11-30,TC 10,tinggi,0.0,0.06,-0.06,0.06
2025-12-01,TC 10,tinggi,0.0,0.06,-0.06,0.06
2025-12-02,TC 10,tinggi,0.0,0.06,-0.06,0.06
2025-12-03,TC 10,tinggi,0.0,0.06,-0.06,0.06
2025-12-04,TC 10,tinggi,0.0,0.06,-0.06,0.06
2025-12-05,TC 10,tinggi,0.0,0.06,-0.06,0.06
2025-12-06,TC 10,tinggi,2.0,0.06,1.94,1.94
2025-12-07,TC 10,tinggi,0.0,0.06,-0.06,0.06
2025-12-08,TC 10,tinggi,0.0,0.06,-0.06,0.06
2025-12-09,TC 10,tinggi,0.0,0.06,-0.06,0.06
2025-12-10,TC 10,tinggi,0.0,0.06,-0.06,0.06
2025-12-11,TC 10,tinggi,0.0,0.06,-0.06,0.06
2025-12-12,TC 10,tinggi,0.0,0.06,-0.06,0.06
2025-12-13,TC 10,tinggi,0.0,0.06,-0.06,0.06
2025-12-14,TC 10,tinggi,0.0,0.06,-0.06,0.06
2025-12-15,TC 10,tinggi,0.0,0.06,-0.06,0.06
2025-12-16,TC 10,tinggi,0.0,0.06,-0.06,0.06
2025-12-17,TC 10,tinggi,0.0,0.06,-0.06,0.06
2025-12-18,TC 10,tinggi,0.0,0.06,-0.06,0.06
2025-12-19,TC 10,tinggi,0.0,0.06,-0.06,0.06
2025-12-20,TC 10,tinggi,0.0,0.06,-0.06,0.06
2025-12-21,TC 10,tinggi,0.0,0.06,-0.06,0.06
2025-12-22,TC 10,tinggi,0.0,0.06,-0.06,0.06
2025-12-23,TC 10,tinggi,0.0,0.06,-0.06,0.06
2025-12-24,TC 10,tinggi,0.0,0.06,-0.06,0.06
2025-12-25,TC 10,tinggi,0.0,0.06,-0.06,0.06
2025-12-26,TC 10,tinggi,0.0,0.06,-0.06,0.06
2025-12-27,TC 10,tinggi,0.0,0.06,-0.06,0.06
2025-12-28,TC 10,tinggi,0.0,0.06,-0.06,0.06
2025-12-29,TC 10,tinggi,0.0,0.06,-0.06,0.06
2025-12-30,TC 10,tinggi,0.0,0.06,-0.06,0.06
2025-12-31,TC 10,tinggi,0.0,0.06,-0.06,0.06
2025-11-25,TC 250,rendah,0.0,0.0,0.0,0.0
2025-11-26,TC 250,rendah,0.0,0.0,0.0,0.0
2025-11-27,TC 250,rendah,0.0,0.0,0.0,0.0
2025-11-28,TC 250,rendah,0.0,0.0,0.0,0.0
2025-11-29,TC 250,rendah,0.0,0.0,0.0,0.0
2025-11-30,TC 250,rendah,0.0,0.0,0.0,0.0
2025-12-01,TC 250,rendah,0.0,0.0,0.0,0.0
2025-12-02,TC 250,rendah,0.0,0.0,0.0,0.0
2025-12-03,TC 250,rendah,0.0,0.0,0.0,0.0
2025-12-04,TC 250,rendah,0.0,0.0,0.0,0.0
2025-12-05,TC 250,rendah,0.0,0.0,0.0,0.0
2025-12-06,TC 250,rendah,0.0,0.0,0.0,0.0
2025-12-07,TC 250,rendah,0.0,0.0,0.0,0.0
2025-12-08,TC 250,rendah,0.0,0.0,0.0,0.0
2025-12-09,TC 250,rendah,0.0,0.0,0.0,0.0
2025-12-10,TC 250,rendah,0.0,0.0,0.0,0.0
2025-12-11,TC 250,rendah,0.0,0.0,0.0,0.0
2025-12-12,TC 250,rendah,0.0,0.0,0.0,0.0
2025-12-13,TC 250,rendah,0.0,0.0,0.0,0.0
2025-12-14,TC 250,rendah,0.0,0.0,0.0,0.0
2025-12-15,TC 250,rendah,0.0,0.0,0.0,0.0
2025-12-16,TC 250,rendah,0.0,0.0,0.0,0.0
2025-12-17,TC 250,rendah,0.0,0.0,0.0,0.0
2025-12-18,TC 250,rendah,0.0,0.0,0.0,0.0
2025-12-19,TC 250,rendah,0.0,0.0,0.0,0.0
2025-12-20,TC 250,rendah,0.0,0.0,0.0,0.0
2025-12-21,TC 250,rendah,0.0,0.0,0.0,0.0
2025-12-22,TC 250,rendah,0.0,0.0,0.0,0.0
2025-12-23,TC 250,rendah,0.0,0.0,0.0,0.0
2025-12-24,TC 250,rendah,0.0,0.0,0.0,0.0
2025-12-25,TC 250,rendah,0.0,0.0,0.0,0.0
2025-12-26,TC 250,rendah,0.0,0.0,0.0,0.0
2025-12-27,TC 250,rendah,0.0,0.0,0.0,0.0
2025-12-28,TC 250,rendah,0.0,0.0,0.0,0.0
2025-12-29,TC 250,rendah,0.0,0.0,0.0,0.0
2025-12-30,TC 250,rendah,0.0,0.0,0.0,0.0
2025-12-31,TC 250,rendah,0.0,0.0,0.0,0.0
2025-11-25,TEETH10,tinggi,0.0,0.03,-0.03,0.03
2025-11-26,TEETH10,tinggi,0.0,0.03,-0.03,0.03
2025-11-27,TEETH10,tinggi,1.0,0.03,0.97,0.97
2025-11-28,TEETH10,tinggi,0.0,0.03,-0.03,0.03
2025-11-29,TEETH10,tinggi,0.0,0.03,-0.03,0.03
2025-11-30,TEETH10,tinggi,0.0,0.03,-0.03,0.03
2025-12-01,TEETH10,tinggi,0.0,0.03,-0.03,0.03
2025-12-02,TEETH10,tinggi,0.0,0.03,-0.03,0.03
2025-12-03,TEETH10,tinggi,0.0,0.03,-0.03,0.03
2025-12-04,TEETH10,tinggi,0.0,0.03,-0.03,0.03
2025-12-05,TEETH10,tinggi,0.0,0.03,-0.03,0.03
2025-12-06,TEETH10,tinggi,0.0,0.03,-0.03,0.03
2025-12-07,TEETH10,tinggi,0.0,0.03,-0.03,0.03
2025-12-08,TEETH10,tinggi,0.0,0.03,-0.03,0.03
2025-12-09,TEETH10,tinggi,0.0,0.03,-0.03,0.03
2025-12-10,TEETH10,tinggi,0.0,0.03,-0.03,0.03
2025-12-11,TEETH10,tinggi,0.0,0.03,-0.03,0.03
2025-12-12,TEETH10,tinggi,0.0,0.03,-0.03,0.03
2025-12-13,TEETH10,tinggi,0.0,0.03,-0.03,0.03
2025-12-14,TEETH10,tinggi,0.0,0.03,-0.03,0.03
2025-12-15,TEETH10,tinggi,0.0,0.03,-0.03,0.03
2025-12-16,TEETH10,tinggi,0.0,0.03,-0.03,0.03
2025-12-17,TEETH10,tinggi,0.0,0.03,-0.03,0.03
2025-12-18,TEETH10,tinggi,1.0,0.03,0.97,0.97
2025-12-19,TEETH10,tinggi,0.0,0.03,-0.03,0.03
2025-12-20,TEETH10,tinggi,0.0,0.03,-0.03,0.03
2025-12-21,TEETH10,tinggi,0.0,0.03,-0.03,0.03
2025-12-22,TEETH10,tinggi,0.0,0.03,-0.03,0.03
2025-12-23,TEETH10,tinggi,0.0,0.03,-0.03,0.03
2025-12-24,TEETH10,tinggi,0.0,0.03,-0.03,0.03
2025-12-25,TEETH10,tinggi,0.0,0.03,-0.03,0.03
2025-12-26,TEETH10,tinggi,0.0,0.03,-0.03,0.03
2025-12-27,TEETH10,tinggi,0.0,0.03,-0.03,0.03
2025-12-28,TEETH10,tinggi,0.0,0.03,-0.03,0.03
2025-12-29,TEETH10,tinggi,0.0,0.03,-0.03,0.03
2025-12-30,TEETH10,tinggi,0.0,0.03,-0.03,0.03
2025-12-31,TEETH10,tinggi,0.0,0.03,-0.03,0.03
2025-11-25,TP,menengah,0.0,0.01,-0.01,0.01
2025-11-26,TP,menengah,0.0,0.01,-0.01,0.01
2025-11-27,TP,menengah,0.0,0.01,-0.01,0.01
2025-11-28,TP,menengah,0.0,0.01,-0.01,0.01
2025-11-29,TP,menengah,0.0,0.01,-0.01,0.01
2025-11-30,TP,menengah,0.0,0.01,-0.01,0.01
2025-12-01,TP,menengah,0.0,0.01,-0.01,0.01
2025-12-02,TP,menengah,0.0,0.01,-0.01,0.01
2025-12-03,TP,menengah,0.0,0.01,-0.01,0.01
2025-12-04,TP,menengah,0.0,0.01,-0.01,0.01
2025-12-05,TP,menengah,0.0,0.01,-0.01,0.01
2025-12-06,TP,menengah,0.0,0.01,-0.01,0.01
2025-12-07,TP,menengah,0.0,0.01,-0.01,0.01
2025-12-08,TP,menengah,0.0,0.01,-0.01,0.01
2025-12-09,TP,menengah,0.0,0.01,-0.01,0.01
2025-12-10,TP,menengah,0.0,0.01,-0.01,0.01
2025-12-11,TP,menengah,0.0,0.01,-0.01,0.01
2025-12-12,TP,menengah,0.0,0.01,-0.01,0.01
2025-12-13,TP,menengah,0.0,0.01,-0.01,0.01
2025-12-14,TP,menengah,0.0,0.01,-0.01,0.01
2025-12-15,TP,menengah,0.0,0.01,-0.01,0.01
2025-12-16,TP,menengah,0.0,0.01,-0.01,0.01
2025-12-17,TP,menengah,0.0,0.01,-0.01,0.01
2025-12-18,TP,menengah,0.0,0.01,-0.01,0.01
2025-12-19,TP,menengah,0.0,0.01,-0.01,0.01
2025-12-20,TP,menengah,0.0,0.01,-0.01,0.01
2025-12-21,TP,menengah,0.0,0.01,-0.01,0.01
2025-12-22,TP,menengah,0.0,0.01,-0.01,0.01
2025-12-23,TP,menengah,0.0,0.01,-0.01,0.01
2025-12-24,TP,menengah,0.0,0.01,-0.01,0.01
2025-12-25,TP,menengah,0.0,0.01,-0.01,0.01
2025-12-26,TP,menengah,0.0,0.01,-0.01,0.01
2025-12-27,TP,menengah,0.0,0.01,-0.01,0.01
2025-12-28,TP,menengah,0.0,0.01,-0.01,0.01
2025-12-29,TP,menengah,0.0,0.01,-0.01,0.01
2025-12-30,TP,menengah,0.0,0.01,-0.01,0.01
2025-12-31,TP,menengah,0.0,0.01,-0.01,0.01
